id;title;age_range;audit_status;audit_categories;audit_issues;source_ids
A001;Kontrasztkártya oldalra fordulással;0-3 hó;Forráshivatkozás tisztázandó;FORRÁS SZEREPE;"A hivatkozás között kereskedelmi vagy pedagógiai ötletforrás van; ez nem igazolja az életkori besorolást és a kártyán leírt várható viselkedést. A fő oldalon ezt külön kell jelölni.";"LOVEVERY_LOOKER; MOVEMENT_META; TUMMY_REVIEW_2020; WHO_24H_2019; AAP_SLEEP_2022"
A002;Lassú mobil figyelése;0-3 hó;Biztonsági pontosítás szükséges;"BIZTONSÁG; FORRÁS SZEREPE";"Függő mobil szerepel: a rögzítés, az elérhetőség és az alvóhelyen való használat nincs elég pontosan körülhatárolva. Ne lógjon a baba által elérhető helyen; alváshoz ne maradjon ott. | A hivatkozás között kereskedelmi vagy pedagógiai ötletforrás van; ez nem igazolja az életkori besorolást és a kártyán leírt várható viselkedést. A fő oldalon ezt külön kell jelölni.";LOVEVERY_LOOKER
A003;Csörgő hangjának keresése;0-3 hó;Forráshivatkozás tisztázandó;FORRÁS SZEREPE;"A hivatkozás között kereskedelmi vagy pedagógiai ötletforrás van; ez nem igazolja az életkori besorolást és a kártyán leírt várható viselkedést. A fő oldalon ezt külön kell jelölni.";LOVEVERY_LOOKER
A004;Csupasz kéz megfigyelése;0-3 hó;Forráshivatkozás tisztázandó;"FORRÁS SZEREPE; FORRÁSEGYEZTETÉS";"A hivatkozás között kereskedelmi vagy pedagógiai ötletforrás van; ez nem igazolja az életkori besorolást és a kártyán leírt várható viselkedést. A fő oldalon ezt külön kell jelölni. | A v1.6-ban a veszélyes eredeti eszközöket lecseréltük; a korábbi forráslink és cél szövege már nem biztosan a jelenlegi változatra vonatkozik.";LOVEVERY_LOOKER
A005;Arcnézés és utánzó mimika;0-3 hó;Tartalmi pontosítás szükséges;ÁLLÍTÁS;"Az újszülött mimikai utánzása vitatott terület; az arc nézése lehet kapcsolódás, az utánzást nem érdemes várható készségként vagy kötődésjelzőként figyelni.";PARENTING_META
A006;Hason fekvés mellkason;0-3 hó;Biztonsági pontosítás szükséges;BIZTONSÁG;"A szülő mellkasán hason fekvés csak éber, felügyelt helyzetben biztonságos; ha a felnőtt elálmosodik, a helyzetet meg kell szakítani.";"MOVEMENT_META; TUMMY_REVIEW_2020; WHO_24H_2019; AAP_SLEEP_2022"
A007;Textúrák kézzel, a gondozó jelenlétében;0-3 hó;Forráshivatkozás tisztázandó;"FORRÁS SZEREPE; FORRÁSEGYEZTETÉS";"A hivatkozás között kereskedelmi vagy pedagógiai ötletforrás van; ez nem igazolja az életkori besorolást és a kártyán leírt várható viselkedést. A fő oldalon ezt külön kell jelölni. | A v1.6-ban a veszélyes eredeti eszközöket lecseréltük; a korábbi forráslink és cél szövege már nem biztosan a jelenlegi változatra vonatkozik.";PARENTS_SUBS2
A008;Dal ugyanabban a rutinban;0-3 hó;Nincs külön jelölt probléma;;;PARENTING_META
A009;Oldalra forduló mozgás ébren;0-3 hó;Forráshivatkozás tisztázandó;FORRÁSEGYEZTETÉS;"A v1.6-ban a veszélyes eredeti eszközöket lecseréltük; a korábbi forráslink és cél szövege már nem biztosan a jelenlegi változatra vonatkozik.";MOVEMENT_META
A010;Kinti fény-árnyék figyelés;0-3 hó;Forráshivatkozás tisztázandó;FORRÁS SZEREPE;"A hivatkozás között kereskedelmi vagy pedagógiai ötletforrás van; ez nem igazolja az életkori besorolást és a kártyán leírt várható viselkedést. A fő oldalon ezt külön kell jelölni.";PARENTS_SUBS2
A011;Rövid babamasszázs testrésznévvel;0-3 hó;Nincs külön jelölt probléma;;;PARENTING_META
A012;Hasi idő könyvvel;0-3 hó;Tartalmi pontosítás szükséges;"ÉLETKORI ILLESZKEDÉS; FORRÁS SZEREPE";"A hason fekvő vagy gurulást célzó leírás készséget feltételezhet; a baba aktuális testhelyzetéhez és terhelhetőségéhez kell igazítani, nem szabad a mozgást sürgetni. | A hivatkozás között kereskedelmi vagy pedagógiai ötletforrás van; ez nem igazolja az életkori besorolást és a kártyán leírt várható viselkedést. A fő oldalon ezt külön kell jelölni.";"LOVEVERY_LOOKER; BOOK_READING_META"
A013;Elérhető csörgő oldalról;3-6 hó;Forráshivatkozás tisztázandó;FORRÁS SZEREPE;"A hivatkozás között kereskedelmi vagy pedagógiai ötletforrás van; ez nem igazolja az életkori besorolást és a kártyán leírt várható viselkedést. A fő oldalon ezt külön kell jelölni.";"LOVEVERY_LOOKER; MOVEMENT_META"
A014;Kendő kihúzása dobozból;3-6 hó;Biztonsági pontosítás szükséges;"BIZTONSÁG; FORRÁS SZEREPE";"Kendő/textil kerül a csecsemő közelébe; ne takarja az arcát, ne hagyjátok vele egyedül, és ne kerüljön az alvóhelyére. | A hivatkozás között kereskedelmi vagy pedagógiai ötletforrás van; ez nem igazolja az életkori besorolást és a kártyán leírt várható viselkedést. A fő oldalon ezt külön kell jelölni.";"LOVEVERY_BABBLER; GUIDED_PLAY_META"
A015;Guruló labda követése hason;3-6 hó;Tartalmi pontosítás szükséges;ÉLETKORI ILLESZKEDÉS;"A hason fekvő vagy gurulást célzó leírás készséget feltételezhet; a baba aktuális testhelyzetéhez és terhelhetőségéhez kell igazítani, nem szabad a mozgást sürgetni.";"MOVEMENT_META; TUMMY_REVIEW_2020; WHO_24H_2019; AAP_SLEEP_2022"
A016;Szájbarát rágóka-kosár;3-6 hó;Forráshivatkozás tisztázandó;FORRÁS SZEREPE;"A hivatkozás között kereskedelmi vagy pedagógiai ötletforrás van; ez nem igazolja az életkori besorolást és a kártyán leírt várható viselkedést. A fő oldalon ezt külön kell jelölni.";PARENTS_SUBS2
A017;Tükrös arcfigyelés;3-6 hó;Tartalmi pontosítás szükséges;ÉLETKORI ILLESZKEDÉS;"A hason fekvő vagy gurulást célzó leírás készséget feltételezhet; a baba aktuális testhelyzetéhez és terhelhetőségéhez kell igazítani, nem szabad a mozgást sürgetni.";PARENTING_META
A018;Lábakkal rugdosott csörgőzokni;3-6 hó;Biztonsági pontosítás szükséges;"BIZTONSÁG; FORRÁS SZEREPE";"A csörgőzokni hangadó része leválhat; csak ellenőrzött, korosztálynak megfelelő terméket használjatok, és ne maradjon felügyelet nélkül. | A hivatkozás között kereskedelmi vagy pedagógiai ötletforrás van; ez nem igazolja az életkori besorolást és a kártyán leírt várható viselkedést. A fő oldalon ezt külön kell jelölni.";PARENTS_SUBS2
A019;Egyszerű kukucs kendővel;3-6 hó;Biztonsági pontosítás szükséges;BIZTONSÁG;"Kendő/textil kerül a csecsemő közelébe; ne takarja az arcát, ne hagyjátok vele egyedül, és ne kerüljön az alvóhelyére.";"BOOK_READING_META; PARENTING_META"
A020;Két tárgy közötti választás;3-6 hó;Nincs külön jelölt probléma;;;"LILLARD_BOOK; SELF_DRIVEN"
A021;Gurulásra hívó játék oldalt;3-6 hó;Tartalmi pontosítás szükséges;ÉLETKORI ILLESZKEDÉS;"A hason fekvő vagy gurulást célzó leírás készséget feltételezhet; a baba aktuális testhelyzetéhez és terhelhetőségéhez kell igazítani, nem szabad a mozgást sürgetni.";MOVEMENT_META
A022;Fürdős fröcskölés megfigyeléssel;3-6 hó;Biztonsági pontosítás szükséges;"BIZTONSÁG; FORRÁS SZEREPE";"Víz szerepel a játékban: az eredeti lépések nem írják le elég konkrétan a folyamatos, közeli felügyeletet és a víz azonnali kiürítését. A vizes játék opcionális. | A hivatkozás között kereskedelmi vagy pedagógiai ötletforrás van; ez nem igazolja az életkori besorolást és a kártyán leírt várható viselkedést. A fő oldalon ezt külön kell jelölni.";MONTESSORI_ACADEMY
A023;Hangos könyv helyett élő hang;3-6 hó;Tartalmi pontosítás szükséges;PEDAGÓGIAI ELŐFELTEVÉS;"A cím szembeállítja a hangos könyvet az élő hanggal; az élő beszélgetés értékes, de ez nem indokolja minden hangos könyv kizárását.";"BOOK_READING_META; PARENTING_META"
A024;Kinti textúraséta ölben;3-6 hó;Biztonsági pontosítás szükséges;"BIZTONSÁG; FORRÁS SZEREPE";"Természetes tárgyak között kavics, termés, levél vagy más szájba kerülő/irritáló darab lehet; a tárgyválasztást, a szájba vételt és a tisztaságot külön ellenőrizni kell. | A hivatkozás között kereskedelmi vagy pedagógiai ötletforrás van; ez nem igazolja az életkori besorolást és a kártyán leírt várható viselkedést. A fő oldalon ezt külön kell jelölni.";MONTESSORI_ACADEMY
A025;Tárgyállandóság: kendő alá rejtés;6-9 hó;Biztonsági pontosítás szükséges;"BIZTONSÁG; FOGALOM; FORRÁS SZEREPE";"Kendő/textil kerül a csecsemő közelébe; ne takarja az arcát, ne hagyjátok vele egyedül, és ne kerüljön az alvóhelyére. | A „tárgyállandóság” cím/értelmezés túl nagy következtetést sugall egyetlen tárgykereső vagy dobozos játékból; írjuk le a konkrét megfigyelést. | A hivatkozás között kereskedelmi vagy pedagógiai ötletforrás van; ez nem igazolja az életkori besorolást és a kártyán leírt várható viselkedést. A fő oldalon ezt külön kell jelölni.";"LOVEVERY_BABBLER; GUIDED_PLAY_META"
A026;Kosárból ki-be pakolás;6-9 hó;Forráshivatkozás tisztázandó;FORRÁS SZEREPE;"A hivatkozás között kereskedelmi vagy pedagógiai ötletforrás van; ez nem igazolja az életkori besorolást és a kártyán leírt várható viselkedést. A fő oldalon ezt külön kell jelölni.";"MONTESSORI_ACADEMY; SPATIAL_META"
A027;Egyszerű labdabedobás dobozba;6-9 hó;Forráshivatkozás tisztázandó;FORRÁS SZEREPE;"A hivatkozás között kereskedelmi vagy pedagógiai ötletforrás van; ez nem igazolja az életkori besorolást és a kártyán leírt várható viselkedést. A fő oldalon ezt külön kell jelölni.";"LOVEVERY_BABBLER; GUIDED_PLAY_META"
A028;Ülő egyensúly körben tárgyakkal;6-9 hó;Tartalmi pontosítás szükséges;ÉLETKORI ILLESZKEDÉS;"Az ülő helyzetből való nyúlás stabil ülést feltételezhet; ne ültesd megtámasztva kizárólag a játék kedvéért.";MOVEMENT_META
A029;Egymásba rakható poharak;6-9 hó;Forráshivatkozás tisztázandó;FORRÁS SZEREPE;"A hivatkozás között kereskedelmi vagy pedagógiai ötletforrás van; ez nem igazolja az életkori besorolást és a kártyán leírt várható viselkedést. A fő oldalon ezt külön kell jelölni.";"PARENTS_SUBS2; SPATIAL_META"
A030;Csipesz nélküli ruhakosár pakolás;6-9 hó;Forráshivatkozás tisztázandó;FORRÁS SZEREPE;"A hivatkozás között kereskedelmi vagy pedagógiai ötletforrás van; ez nem igazolja az életkori besorolást és a kártyán leírt várható viselkedést. A fő oldalon ezt külön kell jelölni.";"MONTESSORI_ACADEMY; LILLARD_PRIMARY"
A031;Kanalak és fém tál hangjai;6-9 hó;Biztonsági pontosítás szükséges;"BIZTONSÁG; FORRÁS SZEREPE";"Fém tál/kanál éle, súlya és hangereje nincs konkretizálva; csak könnyű, tompa, sérülésmentes tárgy és közeli jelenlét mellett kínálható. | A hivatkozás között kereskedelmi vagy pedagógiai ötletforrás van; ez nem igazolja az életkori besorolást és a kártyán leírt várható viselkedést. A fő oldalon ezt külön kell jelölni.";MONTESSORI_ACADEMY
A032;Mutogatós képeslap-kosár;6-9 hó;Nincs külön jelölt probléma;;;"BOOK_READING_META; PARENTING_META"
A033;Mászást hívó alacsony akadály;6-9 hó;Biztonsági pontosítás szükséges;BIZTONSÁG;"Az akadálypálya magassága, a bútorok stabilitása és az esésveszély nincs eléggé meghatározva; a gyermek tényleges mozgáskészségéhez kell igazítani.";MOVEMENT_META
A034;Nagy tárgyak vizsgálata víz nélkül;6-9 hó;Forráshivatkozás tisztázandó;"FORRÁS SZEREPE; FORRÁSEGYEZTETÉS";"A hivatkozás között kereskedelmi vagy pedagógiai ötletforrás van; ez nem igazolja az életkori besorolást és a kártyán leírt várható viselkedést. A fő oldalon ezt külön kell jelölni. | A v1.6-ban a veszélyes eredeti eszközöket lecseréltük; a korábbi forráslink és cél szövege már nem biztosan a jelenlegi változatra vonatkozik.";MONTESSORI_ACADEMY
A035;Tárgycsere játék;6-9 hó;Nincs külön jelölt probléma;;;"PARENTING_META; SELF_DRIVEN"
A036;Kinti levélkosár nézegetés;6-9 hó;Biztonsági pontosítás szükséges;"BIZTONSÁG; FORRÁS SZEREPE";"Természetes tárgyak között kavics, termés, levél vagy más szájba kerülő/irritáló darab lehet; a tárgyválasztást, a szájba vételt és a tisztaságot külön ellenőrizni kell. | A hivatkozás között kereskedelmi vagy pedagógiai ötletforrás van; ez nem igazolja az életkori besorolást és a kártyán leírt várható viselkedést. A fő oldalon ezt külön kell jelölni.";MONTESSORI_ACADEMY
A037;Formabedobó nagy körrel;9-12 hó;Forráshivatkozás tisztázandó;FORRÁS SZEREPE;"A hivatkozás között kereskedelmi vagy pedagógiai ötletforrás van; ez nem igazolja az életkori besorolást és a kártyán leírt várható viselkedést. A fő oldalon ezt külön kell jelölni.";"LOVEVERY_BABBLER; SPATIAL_META"
A038;Labdagurító lejtő;9-12 hó;Biztonsági pontosítás szükséges;"BIZTONSÁG; FORRÁS SZEREPE";"Házi kartoneszköz szerepel; összecsuklás, éles szél és leváló rész lehet. Használat előtt szilárdságát és méretét ellenőrizni kell. | A hivatkozás között kereskedelmi vagy pedagógiai ötletforrás van; ez nem igazolja az életkori besorolást és a kártyán leírt várható viselkedést. A fő oldalon ezt külön kell jelölni.";LOVEVERY_BABBLER
A039;Gyűrűs torony szétszedése;9-12 hó;Forráshivatkozás tisztázandó;FORRÁS SZEREPE;"A hivatkozás között kereskedelmi vagy pedagógiai ötletforrás van; ez nem igazolja az életkori besorolást és a kártyán leírt várható viselkedést. A fő oldalon ezt külön kell jelölni.";"PARENTS_SUBS2; SPATIAL_META"
A040;Bújócső vagy kartondoboz alagút;9-12 hó;Biztonsági pontosítás szükséges;BIZTONSÁG;"Házi kartoneszköz szerepel; összecsuklás, éles szél és leváló rész lehet. Használat előtt szilárdságát és méretét ellenőrizni kell.";MOVEMENT_META
A041;Tárgy és kép párosítás első verzió;9-12 hó;Tartalmi pontosítás szükséges;ÉLETKORI ILLESZKEDÉS;"A feladat és/vagy a „figyeld, tudja-e” kérdés a megadott életkori sávban iskolás jellegű teljesítményelvárásnak tűnhet. Az érdeklődéstől és meglévő készségtől függő, választható játékként kell átfogalmazni; a kor nem tesztküszöb.";BOOK_READING_META
A042;Edényfedő illesztés;9-12 hó;Forráshivatkozás tisztázandó;FORRÁS SZEREPE;"A hivatkozás között kereskedelmi vagy pedagógiai ötletforrás van; ez nem igazolja az életkori besorolást és a kártyán leírt várható viselkedést. A fő oldalon ezt külön kell jelölni.";"MONTESSORI_ACADEMY; SPATIAL_META"
A043;Egyszerű hangutánzó állatok;9-12 hó;Biztonsági pontosítás szükséges;BIZTONSÁG;"A figura, tüske, rúd, fedő, csengő vagy háztartási alkatrész mérete/rögzítése nincs pontosan megadva; a szájba vehető vagy leváló részt ki kell zárni, különösen kisgyermeknél.";BOOK_READING_META
A044;Szekrényfiók biztonságos pakolása;9-12 hó;Forráshivatkozás tisztázandó;FORRÁS SZEREPE;"A hivatkozás között kereskedelmi vagy pedagógiai ötletforrás van; ez nem igazolja az életkori besorolást és a kártyán leírt várható viselkedést. A fő oldalon ezt külön kell jelölni.";"MONTESSORI_ACADEMY; SELF_DRIVEN"
A045;Vízöntés fürdőpohárral;9-12 hó;Biztonsági pontosítás szükséges;"BIZTONSÁG; FORRÁS SZEREPE";"Víz szerepel a játékban: az eredeti lépések nem írják le elég konkrétan a folyamatos, közeli felügyeletet és a víz azonnali kiürítését. A vizes játék opcionális. | A hivatkozás között kereskedelmi vagy pedagógiai ötletforrás van; ez nem igazolja az életkori besorolást és a kártyán leírt várható viselkedést. A fő oldalon ezt külön kell jelölni.";"AMS_CORE; MONTESSORI_ACADEMY"
A046;Egyszerű utánzó mozgások;9-12 hó;Nincs külön jelölt probléma;;;PARENTING_META
A047;Kis akadálypálya kapaszkodással;9-12 hó;Biztonsági pontosítás szükséges;BIZTONSÁG;"Az akadálypálya magassága, a bútorok stabilitása és az esésveszély nincs eléggé meghatározva; a gyermek tényleges mozgáskészségéhez kell igazítani.";MOVEMENT_META
A048;Első könyvválasztó kosár;9-12 hó;Nincs külön jelölt probléma;;;"BOOK_READING_META; LILLARD_BOOK"
A049;Nagy korong illesztése;12-18 hó;Forráshivatkozás tisztázandó;"FORRÁS SZEREPE; FORRÁSEGYEZTETÉS";"A hivatkozás között kereskedelmi vagy pedagógiai ötletforrás van; ez nem igazolja az életkori besorolást és a kártyán leírt várható viselkedést. A fő oldalon ezt külön kell jelölni. | A v1.6-ban a veszélyes eredeti eszközöket lecseréltük; a korábbi forráslink és cél szövege már nem biztosan a jelenlegi változatra vonatkozik.";"LOVEVERY_BABBLER; GUIDED_PLAY_META"
A050;Fa vagy karton golyópálya;12-18 hó;Biztonsági pontosítás szükséges;"BIZTONSÁG; FORRÁS SZEREPE";"A golyó, kupak, pompon, dugó, pálcika vagy kis tartozék mérete nincs megadva; a szájba vehető/leváló részek veszélye miatt életkornak megfelelő, egyben maradó eszközt kell választani. | A hivatkozás között kereskedelmi vagy pedagógiai ötletforrás van; ez nem igazolja az életkori besorolást és a kártyán leírt várható viselkedést. A fő oldalon ezt külön kell jelölni.";LOVEVERY_BABBLER
A051;Húzós játék célhoz;12-18 hó;Biztonsági pontosítás szükséges;"BIZTONSÁG; FORRÁS SZEREPE";"A madzaggal húzott doboz zsinórveszélyt jelenthet; a madzagos házi változatot ne kínáljuk ennek a korosztálynak. | A hivatkozás között kereskedelmi vagy pedagógiai ötletforrás van; ez nem igazolja az életkori besorolást és a kártyán leírt várható viselkedést. A fő oldalon ezt külön kell jelölni.";"LOVEVERY_ADVENTURER; MOVEMENT_META"
A052;Nagy tárgyak egymásra helyezése;12-18 hó;Forráshivatkozás tisztázandó;"FORRÁS SZEREPE; FORRÁSEGYEZTETÉS";"A hivatkozás között kereskedelmi vagy pedagógiai ötletforrás van; ez nem igazolja az életkori besorolást és a kártyán leírt várható viselkedést. A fő oldalon ezt külön kell jelölni. | A v1.6-ban a veszélyes eredeti eszközöket lecseréltük; a korábbi forráslink és cél szövege már nem biztosan a jelenlegi változatra vonatkozik.";"LOVEVERY_ADVENTURER; AMS_CORE"
A053;Pegboard torony;12-18 hó;Biztonsági pontosítás szükséges;"BIZTONSÁG; FORRÁS SZEREPE";"A figura, tüske, rúd, fedő, csengő vagy háztartási alkatrész mérete/rögzítése nincs pontosan megadva; a szájba vehető vagy leváló részt ki kell zárni, különösen kisgyermeknél. | A hivatkozás között kereskedelmi vagy pedagógiai ötletforrás van; ez nem igazolja az életkori besorolást és a kártyán leírt várható viselkedést. A fő oldalon ezt külön kell jelölni.";"LOVEVERY_ADVENTURER; SPATIAL_META"
A054;Egylépéses utasítások poharakkal;12-18 hó;Tartalmi pontosítás szükséges;"ÉLETKORI ILLESZKEDÉS; FORRÁS SZEREPE";"A feladat és/vagy a „figyeld, tudja-e” kérdés a megadott életkori sávban iskolás jellegű teljesítményelvárásnak tűnhet. Az érdeklődéstől és meglévő készségtől függő, választható játékként kell átfogalmazni; a kor nem tesztküszöb. | A hivatkozás között kereskedelmi vagy pedagógiai ötletforrás van; ez nem igazolja az életkori besorolást és a kártyán leírt várható viselkedést. A fő oldalon ezt külön kell jelölni.";"LOVEVERY_ADVENTURER; PARENTING_META"
A055;Zoknipárosítás nagyon eltérő párokkal;12-18 hó;Forráshivatkozás tisztázandó;FORRÁS SZEREPE;"A hivatkozás között kereskedelmi vagy pedagógiai ötletforrás van; ez nem igazolja az életkori besorolást és a kártyán leírt várható viselkedést. A fő oldalon ezt külön kell jelölni.";"HOME_MATH; MONTESSORI_ACADEMY"
A056;Kanalazás nagy, nem lenyelhető tárgyakkal;12-18 hó;Forráshivatkozás tisztázandó;FORRÁSEGYEZTETÉS;"A v1.6-ban a veszélyes eredeti eszközöket lecseréltük; a korábbi forráslink és cél szövege már nem biztosan a jelenlegi változatra vonatkozik.";"AMS_CORE; LILLARD_PRIMARY"
A057;Törölgetés saját ronggyal;12-18 hó;Biztonsági pontosítás szükséges;BIZTONSÁG;"Permetező szerepel a felszerelésben; tisztítószer-maradék vagy permet belégzése elkerülendő. A rongy önmagában is elegendő.";"AMS_CORE; LILLARD_PRIMARY"
A058;Állatfigura-kép párosítás;12-18 hó;Biztonsági pontosítás szükséges;"BIZTONSÁG; ÉLETKORI ILLESZKEDÉS; FORRÁS SZEREPE";"A figura, tüske, rúd, fedő, csengő vagy háztartási alkatrész mérete/rögzítése nincs pontosan megadva; a szájba vehető vagy leváló részt ki kell zárni, különösen kisgyermeknél. | A feladat és/vagy a „figyeld, tudja-e” kérdés a megadott életkori sávban iskolás jellegű teljesítményelvárásnak tűnhet. Az érdeklődéstől és meglévő készségtől függő, választható játékként kell átfogalmazni; a kor nem tesztküszöb. | A hivatkozás között kereskedelmi vagy pedagógiai ötletforrás van; ez nem igazolja az életkori besorolást és a kártyán leírt várható viselkedést. A fő oldalon ezt külön kell jelölni.";"BOOK_READING_META; MONTESSORI_ACADEMY"
A059;Egyszerű érzelemkönyv valós helyzet után;12-18 hó;Forráshivatkozás tisztázandó;FORRÁS SZEREPE;"A hivatkozás között kereskedelmi vagy pedagógiai ötletforrás van; ez nem igazolja az életkori besorolást és a kártyán leírt várható viselkedést. A fő oldalon ezt külön kell jelölni.";"LOVEVERY_OBSERVER; PARENTING_META"
A060;Mini akadálypálya párnákkal;12-18 hó;Biztonsági pontosítás szükséges;BIZTONSÁG;"Az akadálypálya magassága, a bútorok stabilitása és az esésveszély nincs eléggé meghatározva; a gyermek tényleges mozgáskészségéhez kell igazítani.";MOVEMENT_META
A061;Csavaros kupakok nyitása-zárása;18-24 hó;Biztonsági pontosítás szükséges;BIZTONSÁG;"A golyó, kupak, pompon, dugó, pálcika vagy kis tartozék mérete nincs megadva; a szájba vehető/leváló részek veszélye miatt életkornak megfelelő, egyben maradó eszközt kell választani.";"AMS_CORE; LILLARD_PRIMARY"
A062;Válogatás szín szerint két tálba;18-24 hó;Biztonsági pontosítás szükséges;"BIZTONSÁG; ÉLETKORI ILLESZKEDÉS; FORRÁS SZEREPE";"A golyó, kupak, pompon, dugó, pálcika vagy kis tartozék mérete nincs megadva; a szájba vehető/leváló részek veszélye miatt életkornak megfelelő, egyben maradó eszközt kell választani. | A feladat és/vagy a „figyeld, tudja-e” kérdés a megadott életkori sávban iskolás jellegű teljesítményelvárásnak tűnhet. Az érdeklődéstől és meglévő készségtől függő, választható játékként kell átfogalmazni; a kor nem tesztküszöb. | A hivatkozás között kereskedelmi vagy pedagógiai ötletforrás van; ez nem igazolja az életkori besorolást és a kártyán leírt várható viselkedést. A fő oldalon ezt külön kell jelölni.";"HOME_MATH; MONTESSORI_ACADEMY"
A063;Öntés üres edényekkel;18-24 hó;Forráshivatkozás tisztázandó;FORRÁSEGYEZTETÉS;"A v1.6-ban a veszélyes eredeti eszközöket lecseréltük; a korábbi forráslink és cél szövege már nem biztosan a jelenlegi változatra vonatkozik.";"AMS_CORE; LILLARD_PRIMARY"
A064;Mini mosogató játék valós vízzel;18-24 hó;Biztonsági pontosítás szükséges;"BIZTONSÁG; FORRÁS SZEREPE";"Víz szerepel a játékban: az eredeti lépések nem írják le elég konkrétan a folyamatos, közeli felügyeletet és a víz azonnali kiürítését. A vizes játék opcionális. | A hivatkozás között kereskedelmi vagy pedagógiai ötletforrás van; ez nem igazolja az életkori besorolást és a kártyán leírt várható viselkedést. A fő oldalon ezt külön kell jelölni.";"LOVEVERY_HELPER; AMS_CORE"
A065;Egyszerű rutin-kártyák sorrendbe;18-24 hó;Tartalmi pontosítás szükséges;"ÉLETKORI ILLESZKEDÉS; FORRÁS SZEREPE";"A feladat és/vagy a „figyeld, tudja-e” kérdés a megadott életkori sávban iskolás jellegű teljesítményelvárásnak tűnhet. Az érdeklődéstől és meglévő készségtől függő, választható játékként kell átfogalmazni; a kor nem tesztküszöb. | A hivatkozás között kereskedelmi vagy pedagógiai ötletforrás van; ez nem igazolja az életkori besorolást és a kártyán leírt várható viselkedést. A fő oldalon ezt külön kell jelölni.";"LOVEVERY_HELPER; SELF_DRIVEN; DIAMOND_EF"
A066;Egyszerű puzzle fogantyúval;18-24 hó;Tartalmi pontosítás szükséges;"ÉLETKORI ILLESZKEDÉS; FORRÁS SZEREPE";"A feladat és/vagy a „figyeld, tudja-e” kérdés a megadott életkori sávban iskolás jellegű teljesítményelvárásnak tűnhet. Az érdeklődéstől és meglévő készségtől függő, választható játékként kell átfogalmazni; a kor nem tesztküszöb. | A hivatkozás között kereskedelmi vagy pedagógiai ötletforrás van; ez nem igazolja az életkori besorolást és a kártyán leírt várható viselkedést. A fő oldalon ezt külön kell jelölni.";"LOVEVERY_HELPER; SPATIAL_META"
A067;Páros tárgyak keresése a lakásban;18-24 hó;Forráshivatkozás tisztázandó;FORRÁS SZEREPE;"A hivatkozás között kereskedelmi vagy pedagógiai ötletforrás van; ez nem igazolja az életkori besorolást és a kártyán leírt várható viselkedést. A fő oldalon ezt külön kell jelölni.";"HOME_MATH; MONTESSORI_ACADEMY"
A068;Tépőzáras/filc állatok bújtatása;18-24 hó;Biztonsági pontosítás szükséges;"BIZTONSÁG; FORRÁS SZEREPE";"A figura, tüske, rúd, fedő, csengő vagy háztartási alkatrész mérete/rögzítése nincs pontosan megadva; a szájba vehető vagy leváló részt ki kell zárni, különösen kisgyermeknél. | A hivatkozás között kereskedelmi vagy pedagógiai ötletforrás van; ez nem igazolja az életkori besorolást és a kártyán leírt várható viselkedést. A fő oldalon ezt külön kell jelölni.";"LOVEVERY_BABBLER; GUIDED_PLAY_META"
A069;Egyszerű bevásárló kipakolás;18-24 hó;Forráshivatkozás tisztázandó;FORRÁS SZEREPE;"A hivatkozás között kereskedelmi vagy pedagógiai ötletforrás van; ez nem igazolja az életkori besorolást és a kártyán leírt várható viselkedést. A fő oldalon ezt külön kell jelölni.";"MONTESSORI_ACADEMY; PARENTING_META"
A070;Érzelem után választási ajánlat;18-24 hó;Tartalmi pontosítás szükséges;KAPCSOLAT ÉS ELVÁRÁS;A szöveg könnyen szabállyá vagy viselkedési próbává válhat (érzelem megnevezése, várakozás, önjavítás, csendes idő, jóvátétel). A felnőtt rugalmas válaszát és a gyermek jogát a segítséghez pontosítani kell.;"SELF_DRIVEN; PARENTING_META"
A071;Kis locsolókanna növényhez;18-24 hó;Biztonsági pontosítás szükséges;BIZTONSÁG;Víz szerepel a játékban: az eredeti lépések nem írják le elég konkrétan a folyamatos, közeli felügyeletet és a víz azonnali kiürítését. A vizes játék opcionális.;"AMS_CORE; LILLARD_PRIMARY"
A072;Kinti gyűjtőkosár: kicsi-nagy;18-24 hó;Biztonsági pontosítás szükséges;"BIZTONSÁG; FORRÁS SZEREPE";"Természetes tárgyak között kavics, termés, levél vagy más szájba kerülő/irritáló darab lehet; a tárgyválasztást, a szájba vételt és a tisztaságot külön ellenőrizni kell. | A hivatkozás között kereskedelmi vagy pedagógiai ötletforrás van; ez nem igazolja az életkori besorolást és a kártyán leírt várható viselkedést. A fő oldalon ezt külön kell jelölni.";"HOME_MATH; MONTESSORI_ACADEMY; TUMMY_REVIEW_2020; WHO_24H_2019; AAP_SLEEP_2022"
A073;Vizes öntés két kancsó között;2-3 év;Biztonsági pontosítás szükséges;BIZTONSÁG;Víz szerepel a játékban: az eredeti lépések nem írják le elég konkrétan a folyamatos, közeli felügyeletet és a víz azonnali kiürítését. A vizes játék opcionális.;"AMS_CORE; LILLARD_PRIMARY"
A074;Csipeszelés színek szerint;2-3 év;Biztonsági pontosítás szükséges;"BIZTONSÁG; ÉLETKORI ILLESZKEDÉS";"A golyó, kupak, pompon, dugó, pálcika vagy kis tartozék mérete nincs megadva; a szájba vehető/leváló részek veszélye miatt életkornak megfelelő, egyben maradó eszközt kell választani. | A feladat és/vagy a „figyeld, tudja-e” kérdés a megadott életkori sávban iskolás jellegű teljesítményelvárásnak tűnhet. Az érdeklődéstől és meglévő készségtől függő, választható játékként kell átfogalmazni; a kor nem tesztküszöb.";"AMS_CORE; HOME_MATH"
A075;Banánvágás tompa késsel;2-3 év;Biztonsági pontosítás szükséges;BIZTONSÁG;"Kés, sütés vagy jég/só szerepelhet; az eredeti leírás nem különíti el elég pontosan a felnőtt által végzendő lépéseket és a biztonságos eszközöket.";"AMS_CORE; PARENTING_META"
A076;Rutin térkép: reggeli készülődés;2-3 év;Forráshivatkozás tisztázandó;FORRÁS SZEREPE;"A hivatkozás között kereskedelmi vagy pedagógiai ötletforrás van; ez nem igazolja az életkori besorolást és a kártyán leírt várható viselkedést. A fő oldalon ezt külön kell jelölni.";"LOVEVERY_HELPER; DIAMOND_EF; SELF_DRIVEN"
A077;Képes lottó 3-4 képpel;2-3 év;Forráshivatkozás tisztázandó;FORRÁS SZEREPE;"A hivatkozás között kereskedelmi vagy pedagógiai ötletforrás van; ez nem igazolja az életkori besorolást és a kártyán leírt várható viselkedést. A fő oldalon ezt külön kell jelölni.";"BOOK_READING_META; MONTESSORI_ACADEMY"
A078;Pink tower otthoni verzió dobozokkal;2-3 év;Forráshivatkozás tisztázandó;FORRÁS SZEREPE;"A hivatkozás között kereskedelmi vagy pedagógiai ötletforrás van; ez nem igazolja az életkori besorolást és a kártyán leírt várható viselkedést. A fő oldalon ezt külön kell jelölni.";"MONTESSORI_ACADEMY; LILLARD_PRIMARY; SPATIAL_META"
A079;Színtáblák otthoni verziója;2-3 év;Biztonsági pontosítás szükséges;"BIZTONSÁG; FORRÁS SZEREPE";"A golyó, kupak, pompon, dugó, pálcika vagy kis tartozék mérete nincs megadva; a szájba vehető/leváló részek veszélye miatt életkornak megfelelő, egyben maradó eszközt kell választani. | A hivatkozás között kereskedelmi vagy pedagógiai ötletforrás van; ez nem igazolja az életkori besorolást és a kártyán leírt várható viselkedést. A fő oldalon ezt külön kell jelölni.";"MONTESSORI_ACADEMY; LILLARD_PRIMARY"
A080;1-1 megfeleltetés terítésnél;2-3 év;Forráshivatkozás tisztázandó;FORRÁS SZEREPE;"A hivatkozás között kereskedelmi vagy pedagógiai ötletforrás van; ez nem igazolja az életkori besorolást és a kártyán leírt várható viselkedést. A fő oldalon ezt külön kell jelölni.";"HOME_MATH; MONTESSORI_ACADEMY"
A081;Egyszerű érzelemfigurák és történet;2-3 év;Biztonsági pontosítás szükséges;"BIZTONSÁG; KAPCSOLAT ÉS ELVÁRÁS; FORRÁS SZEREPE";"A figura, tüske, rúd, fedő, csengő vagy háztartási alkatrész mérete/rögzítése nincs pontosan megadva; a szájba vehető vagy leváló részt ki kell zárni, különösen kisgyermeknél. | A szöveg könnyen szabállyá vagy viselkedési próbává válhat (érzelem megnevezése, várakozás, önjavítás, csendes idő, jóvátétel). A felnőtt rugalmas válaszát és a gyermek jogát a segítséghez pontosítani kell. | A hivatkozás között kereskedelmi vagy pedagógiai ötletforrás van; ez nem igazolja az életkori besorolást és a kártyán leírt várható viselkedést. A fő oldalon ezt külön kell jelölni.";"LOVEVERY_OBSERVER; PARENTING_META"
A082;Egyszerű akadálypálya szabállyal;2-3 év;Biztonsági pontosítás szükséges;BIZTONSÁG;"Az akadálypálya magassága, a bútorok stabilitása és az esésveszély nincs eléggé meghatározva; a gyermek tényleges mozgáskészségéhez kell igazítani.";"DIAMOND_EF; MOVEMENT_META"
A083;Kis seprű és morzsatakarítás;2-3 év;Biztonsági pontosítás szükséges;BIZTONSÁG;"Étkezés utáni morzsa összeszedése kisgyermeknél szájba vétellel járhat; a helyszínt és a felügyeletet tisztázni kell.";"AMS_CORE; LILLARD_PRIMARY"
A084;Első dobókockás lépegetés 1-3-ig;2-3 év;Tartalmi pontosítás szükséges;ÉLETKORI ILLESZKEDÉS;"A feladat és/vagy a „figyeld, tudja-e” kérdés a megadott életkori sávban iskolás jellegű teljesítményelvárásnak tűnhet. Az érdeklődéstől és meglévő készségtől függő, választható játékként kell átfogalmazni; a kor nem tesztküszöb.";"HOME_MATH; GUIDED_PLAY_META"
A085;Homokpapír betűk otthoni hangjátékkal;3-4 év;Tartalmi pontosítás szükséges;"ÉLETKORI ILLESZKEDÉS; FORRÁS SZEREPE";"A feladat és/vagy a „figyeld, tudja-e” kérdés a megadott életkori sávban iskolás jellegű teljesítményelvárásnak tűnhet. Az érdeklődéstől és meglévő készségtől függő, választható játékként kell átfogalmazni; a kor nem tesztküszöb. | A hivatkozás között kereskedelmi vagy pedagógiai ötletforrás van; ez nem igazolja az életkori besorolást és a kártyán leírt várható viselkedést. A fő oldalon ezt külön kell jelölni.";"AMS_CORE; MONTESSORI_ACADEMY; BOOK_READING_META"
A086;Mozgatható ábécé előképe tárgyakkal;3-4 év;Tartalmi pontosítás szükséges;ÉLETKORI ILLESZKEDÉS;"A feladat és/vagy a „figyeld, tudja-e” kérdés a megadott életkori sávban iskolás jellegű teljesítményelvárásnak tűnhet. Az érdeklődéstől és meglévő készségtől függő, választható játékként kell átfogalmazni; a kor nem tesztküszöb.";"AMS_CORE; BOOK_READING_META"
A087;Számrudak otthoni lépcsője;3-4 év;Tartalmi pontosítás szükséges;ÉLETKORI ILLESZKEDÉS;"A feladat és/vagy a „figyeld, tudja-e” kérdés a megadott életkori sávban iskolás jellegű teljesítményelvárásnak tűnhet. Az érdeklődéstől és meglévő készségtől függő, választható játékként kell átfogalmazni; a kor nem tesztküszöb.";"AMS_CORE; HOME_MATH"
A088;Fém betétek otthoni sablonnal;3-4 év;Forráshivatkozás tisztázandó;FORRÁS SZEREPE;"A hivatkozás között kereskedelmi vagy pedagógiai ötletforrás van; ez nem igazolja az életkori besorolást és a kártyán leírt várható viselkedést. A fő oldalon ezt külön kell jelölni.";"AMS_CORE; MONTESSORI_ACADEMY"
A089;Évszak/időjárás tábla;3-4 év;Forráshivatkozás tisztázandó;FORRÁS SZEREPE;"A hivatkozás között kereskedelmi vagy pedagógiai ötletforrás van; ez nem igazolja az életkori besorolást és a kártyán leírt várható viselkedést. A fő oldalon ezt külön kell jelölni.";"LOVEVERY_OBSERVER; SELF_DRIVEN"
A090;Moduláris ház vagy babaház hétköznapi jelenetekkel;3-4 év;Biztonsági pontosítás szükséges;"BIZTONSÁG; FORRÁS SZEREPE";"A figura, tüske, rúd, fedő, csengő vagy háztartási alkatrész mérete/rögzítése nincs pontosan megadva; a szájba vehető vagy leváló részt ki kell zárni, különösen kisgyermeknél. | A hivatkozás között kereskedelmi vagy pedagógiai ötletforrás van; ez nem igazolja az életkori besorolást és a kártyán leírt várható viselkedést. A fő oldalon ezt külön kell jelölni.";"LOVEVERY_OBSERVER; PARENTING_META"
A091;Durva-sima tapintó párok;3-4 év;Forráshivatkozás tisztázandó;FORRÁS SZEREPE;"A hivatkozás között kereskedelmi vagy pedagógiai ötletforrás van; ez nem igazolja az életkori besorolást és a kártyán leírt várható viselkedést. A fő oldalon ezt külön kell jelölni.";"AMS_CORE; MONTESSORI_ACADEMY"
A092;Csendjáték otthoni verzió;3-4 év;Tartalmi pontosítás szükséges;KAPCSOLAT ÉS ELVÁRÁS;"A csendes ülés ne legyen elvárás vagy önszabályozási próba; aki nem szeretne részt venni, más csendes vagy mozgásos játékot választhat.";"AMS_CORE; DIAMOND_EF"
A093;Virágrendezés kis vázába;3-4 év;Biztonsági pontosítás szükséges;BIZTONSÁG;"Olló és törékeny váza szerepel; csak biztonságos, életkorhoz illő eszközzel és közeli felügyelettel használható.";"AMS_CORE; LILLARD_PRIMARY"
A094;Első lineáris társas 1-10;3-4 év;Tartalmi pontosítás szükséges;ÉLETKORI ILLESZKEDÉS;"A feladat és/vagy a „figyeld, tudja-e” kérdés a megadott életkori sávban iskolás jellegű teljesítményelvárásnak tűnhet. Az érdeklődéstől és meglévő készségtől függő, választható játékként kell átfogalmazni; a kor nem tesztküszöb.";"HOME_MATH; GUIDED_PLAY_META"
A095;Kis kísérlet: süllyed vagy lebeg;3-4 év;Biztonsági pontosítás szükséges;"BIZTONSÁG; FORRÁS SZEREPE";"Víz szerepel a játékban: az eredeti lépések nem írják le elég konkrétan a folyamatos, közeli felügyeletet és a víz azonnali kiürítését. A vizes játék opcionális. | A hivatkozás között kereskedelmi vagy pedagógiai ötletforrás van; ez nem igazolja az életkori besorolást és a kártyán leírt várható viselkedést. A fő oldalon ezt külön kell jelölni.";"GUIDED_PLAY_META; MONTESSORI_ACADEMY"
A096;Barátságos konfliktus-jelenetek bábokkal;3-4 év;Forráshivatkozás tisztázandó;FORRÁS SZEREPE;"A hivatkozás között kereskedelmi vagy pedagógiai ötletforrás van; ez nem igazolja az életkori besorolást és a kártyán leírt várható viselkedést. A fő oldalon ezt külön kell jelölni.";"PARENTING_META; LOVEVERY_OBSERVER"
A097;Mikroszkóp/nagyító természetkosárral;4-5 év;Forráshivatkozás tisztázandó;FORRÁS SZEREPE;"A hivatkozás között kereskedelmi vagy pedagógiai ötletforrás van; ez nem igazolja az életkori besorolást és a kártyán leírt várható viselkedést. A fő oldalon ezt külön kell jelölni.";"LOVEVERY_CONNECTOR; MONTESSORI_ACADEMY"
A098;Moduláris út/város építés;4-5 év;Forráshivatkozás tisztázandó;FORRÁS SZEREPE;"A hivatkozás között kereskedelmi vagy pedagógiai ötletforrás van; ez nem igazolja az életkori besorolást és a kártyán leírt várható viselkedést. A fő oldalon ezt külön kell jelölni.";"LOVEVERY_CONNECTOR; SPATIAL_META"
A099;Napi segítőtábla;4-5 év;Forráshivatkozás tisztázandó;FORRÁS SZEREPE;"A hivatkozás között kereskedelmi vagy pedagógiai ötletforrás van; ez nem igazolja az életkori besorolást és a kártyán leírt várható viselkedést. A fő oldalon ezt külön kell jelölni.";"LOVEVERY_CONNECTOR; SELF_DRIVEN; AMS_CORE"
A100;Rímvadászat könyvből;4-5 év;Nincs külön jelölt probléma;;;BOOK_READING_META
A101;Szótagtapsolás nevekben;4-5 év;Nincs külön jelölt probléma;;;"BOOK_READING_META; MOVEMENT_META"
A102;Aranygyöngyök otthoni tízesrendszer;4-5 év;Tartalmi pontosítás szükséges;"ÉLETKORI ILLESZKEDÉS; FORRÁS SZEREPE";"A feladat és/vagy a „figyeld, tudja-e” kérdés a megadott életkori sávban iskolás jellegű teljesítményelvárásnak tűnhet. Az érdeklődéstől és meglévő készségtől függő, választható játékként kell átfogalmazni; a kor nem tesztküszöb. | A hivatkozás között kereskedelmi vagy pedagógiai ötletforrás van; ez nem igazolja az életkori besorolást és a kártyán leírt várható viselkedést. A fő oldalon ezt külön kell jelölni.";"AMS_CORE; MONTESSORI_ACADEMY; HOME_MATH"
A103;Kis bolt szerepjáték valódi mennyiségekkel;4-5 év;Tartalmi pontosítás szükséges;ÉLETKORI ILLESZKEDÉS;"A feladat és/vagy a „figyeld, tudja-e” kérdés a megadott életkori sávban iskolás jellegű teljesítményelvárásnak tűnhet. Az érdeklődéstől és meglévő készségtől függő, választható játékként kell átfogalmazni; a kor nem tesztküszöb.";"HOME_MATH; GUIDED_PLAY_META"
A104;Szekvencia-kártyák történetmeséléssel;4-5 év;Nincs külön jelölt probléma;;;"BOOK_READING_META; DIAMOND_EF"
A105;Térkép a lakásban kincskereséssel;4-5 év;Nincs külön jelölt probléma;;;"SPATIAL_META; GUIDED_PLAY_META"
A106;Színárnyalat-sorbarendezés;4-5 év;Tartalmi pontosítás szükséges;"ÉLETKORI ILLESZKEDÉS; FORRÁS SZEREPE";"A feladat és/vagy a „figyeld, tudja-e” kérdés a megadott életkori sávban iskolás jellegű teljesítményelvárásnak tűnhet. Az érdeklődéstől és meglévő készségtől függő, választható játékként kell átfogalmazni; a kor nem tesztküszöb. | A hivatkozás között kereskedelmi vagy pedagógiai ötletforrás van; ez nem igazolja az életkori besorolást és a kártyán leírt várható viselkedést. A fő oldalon ezt külön kell jelölni.";"AMS_CORE; MONTESSORI_ACADEMY"
A107;Öltöztető keretek otthoni ruhán;4-5 év;Nincs külön jelölt probléma;;;"AMS_CORE; LILLARD_PRIMARY"
A108;Érzelmi hőmérő 3 fokozattal;4-5 év;Tartalmi pontosítás szükséges;KAPCSOLAT ÉS ELVÁRÁS;A szöveg könnyen szabállyá vagy viselkedési próbává válhat (érzelem megnevezése, várakozás, önjavítás, csendes idő, jóvátétel). A felnőtt rugalmas válaszát és a gyermek jogát a segítséghez pontosítani kell.;"PARENTING_META; DIAMOND_EF"
A109;Saját projekt: mini kert megtervezése;5-6 év;Biztonsági pontosítás szükséges;"BIZTONSÁG; FORRÁS SZEREPE";"Föld, mag és növény szerepel; ellenőrizni kell a növény nem mérgező voltát és a kézmosást. | A hivatkozás között kereskedelmi vagy pedagógiai ötletforrás van; ez nem igazolja az életkori besorolást és a kártyán leírt várható viselkedést. A fő oldalon ezt külön kell jelölni.";"AMS_CORE; MONTESSORI_ACADEMY; DIAMOND_EF"
A110;Mozgatható ábécé otthoni szóképzés;5-6 év;Tartalmi pontosítás szükséges;"ÉLETKORI ILLESZKEDÉS; FORRÁS SZEREPE";"A feladat és/vagy a „figyeld, tudja-e” kérdés a megadott életkori sávban iskolás jellegű teljesítményelvárásnak tűnhet. Az érdeklődéstől és meglévő készségtől függő, választható játékként kell átfogalmazni; a kor nem tesztküszöb. | A hivatkozás között kereskedelmi vagy pedagógiai ötletforrás van; ez nem igazolja az életkori besorolást és a kártyán leírt várható viselkedést. A fő oldalon ezt külön kell jelölni.";"AMS_CORE; MONTESSORI_ACADEMY; BOOK_READING_META"
A111;Számvonalas ugrálás 0-20;5-6 év;Tartalmi pontosítás szükséges;ÉLETKORI ILLESZKEDÉS;"A feladat és/vagy a „figyeld, tudja-e” kérdés a megadott életkori sávban iskolás jellegű teljesítményelvárásnak tűnhet. Az érdeklődéstől és meglévő készségtől függő, választható játékként kell átfogalmazni; a kor nem tesztküszöb.";"HOME_MATH; MOVEMENT_META"
A112;Térképkészítés útvonallal;5-6 év;Forráshivatkozás tisztázandó;FORRÁS SZEREPE;"A hivatkozás között kereskedelmi vagy pedagógiai ötletforrás van; ez nem igazolja az életkori besorolást és a kártyán leírt várható viselkedést. A fő oldalon ezt külön kell jelölni.";"SPATIAL_META; MONTESSORI_ACADEMY"
A113;Egyszerű recept önálló sorrenddel;5-6 év;Biztonsági pontosítás szükséges;BIZTONSÁG;"Kés, sütés vagy jég/só szerepelhet; az eredeti leírás nem különíti el elég pontosan a felnőtt által végzendő lépéseket és a biztonságos eszközöket.";"AMS_CORE; DIAMOND_EF"
A114;Társasjáték stratégiai beszélgetéssel;5-6 év;Nincs külön jelölt probléma;;;"DIAMOND_EF; GUIDED_PLAY_META"
A115;Aranygyöngy bankjáték otthoni verzió;5-6 év;Tartalmi pontosítás szükséges;"ÉLETKORI ILLESZKEDÉS; FORRÁS SZEREPE";"A feladat és/vagy a „figyeld, tudja-e” kérdés a megadott életkori sávban iskolás jellegű teljesítményelvárásnak tűnhet. Az érdeklődéstől és meglévő készségtől függő, választható játékként kell átfogalmazni; a kor nem tesztküszöb. | A hivatkozás között kereskedelmi vagy pedagógiai ötletforrás van; ez nem igazolja az életkori besorolást és a kártyán leírt várható viselkedést. A fő oldalon ezt külön kell jelölni.";"AMS_CORE; MONTESSORI_ACADEMY; HOME_MATH"
A116;Fonás vagy varráskártya;5-6 év;Biztonsági pontosítás szükséges;BIZTONSÁG;Fonál és varráskártya: hosszú zsinórt, éles tűt és felügyelet nélküli használatot kerülni kell.;"AMS_CORE; LILLARD_PRIMARY"
A117;Kis kutatófüzet: kérdés-rajz-válasz;5-6 év;Forráshivatkozás tisztázandó;FORRÁS SZEREPE;"A hivatkozás között kereskedelmi vagy pedagógiai ötletforrás van; ez nem igazolja az életkori besorolást és a kártyán leírt várható viselkedést. A fő oldalon ezt külön kell jelölni.";"GUIDED_PLAY_META; MONTESSORI_ACADEMY"
A118;Naptár és idő: ma-holnap-tegnap;5-6 év;Tartalmi pontosítás szükséges;ÉLETKORI ILLESZKEDÉS;"A feladat és/vagy a „figyeld, tudja-e” kérdés a megadott életkori sávban iskolás jellegű teljesítményelvárásnak tűnhet. Az érdeklődéstől és meglévő készségtől függő, választható játékként kell átfogalmazni; a kor nem tesztküszöb.";"DIAMOND_EF; SELF_DRIVEN"
A119;Békés probléma-megoldó lépések kártyával;5-6 év;Tartalmi pontosítás szükséges;KAPCSOLAT ÉS ELVÁRÁS;A szöveg könnyen szabállyá vagy viselkedési próbává válhat (érzelem megnevezése, várakozás, önjavítás, csendes idő, jóvátétel). A felnőtt rugalmas válaszát és a gyermek jogát a segítséghez pontosítani kell.;"PARENTING_META; AMS_CORE"
A120;Saját könyv készítése;5-6 év;Biztonsági pontosítás szükséges;BIZTONSÁG;"Az összetűzött lapok kapcsa sérülést okozhat; a kötést a felnőtt készítse sérülésmentes módon.";"BOOK_READING_META; GUIDED_PLAY_META"
A121;Hengerblokk otthoni verzió lyukas formákkal;3-4 év;Biztonsági pontosítás szükséges;"BIZTONSÁG; FORRÁS SZEREPE";"A golyó, kupak, pompon, dugó, pálcika vagy kis tartozék mérete nincs megadva; a szájba vehető/leváló részek veszélye miatt életkornak megfelelő, egyben maradó eszközt kell választani. | A hivatkozás között kereskedelmi vagy pedagógiai ötletforrás van; ez nem igazolja az életkori besorolást és a kártyán leírt várható viselkedést. A fő oldalon ezt külön kell jelölni.";"MONTESSORI_ACADEMY; LILLARD_PRIMARY"
A122;Hangdobozok otthoni párosítása;4-5 év;Biztonsági pontosítás szükséges;"BIZTONSÁG; FORRÁS SZEREPE";"Rizzsel/babbal/kaviccsal töltött házi doboz szerepel; felnyíláskor a töltet lenyelhető. Csak megbízhatóan zárt, sértetlen eszköz jöhet szóba. | A hivatkozás között kereskedelmi vagy pedagógiai ötletforrás van; ez nem igazolja az életkori besorolást és a kártyán leírt várható viselkedést. A fő oldalon ezt külön kell jelölni.";"AMS_CORE; MONTESSORI_ACADEMY"
A123;Szagló üvegek otthoni verzió;4-5 év;Biztonsági pontosítás szükséges;"BIZTONSÁG; FORRÁS SZEREPE";"Fahéj/kávé/citrom illatú kis tégelyek szerepelnek; irritáció, allergia és felnyíló tégely lehetősége miatt egyéni ellenőrzés kell. | A hivatkozás között kereskedelmi vagy pedagógiai ötletforrás van; ez nem igazolja az életkori besorolást és a kártyán leírt várható viselkedést. A fő oldalon ezt külön kell jelölni.";"AMS_CORE; MONTESSORI_ACADEMY"
A124;Durva finom súly: baric táblák otthon;5-6 év;Forráshivatkozás tisztázandó;FORRÁS SZEREPE;"A hivatkozás között kereskedelmi vagy pedagógiai ötletforrás van; ez nem igazolja az életkori besorolást és a kártyán leírt várható viselkedést. A fő oldalon ezt külön kell jelölni.";"AMS_CORE; MONTESSORI_ACADEMY; TUMMY_REVIEW_2020; WHO_24H_2019; AAP_SLEEP_2022"
A125;Homokpapír számok tapintása;3-4 év;Tartalmi pontosítás szükséges;"ÉLETKORI ILLESZKEDÉS; FORRÁS SZEREPE";"A feladat és/vagy a „figyeld, tudja-e” kérdés a megadott életkori sávban iskolás jellegű teljesítményelvárásnak tűnhet. Az érdeklődéstől és meglévő készségtől függő, választható játékként kell átfogalmazni; a kor nem tesztküszöb. | A hivatkozás között kereskedelmi vagy pedagógiai ötletforrás van; ez nem igazolja az életkori besorolást és a kártyán leírt várható viselkedést. A fő oldalon ezt külön kell jelölni.";"AMS_CORE; MONTESSORI_ACADEMY; HOME_MATH"
A126;Orsós doboz otthoni verzió;4-5 év;Biztonsági pontosítás szükséges;"BIZTONSÁG; ÉLETKORI ILLESZKEDÉS; FORRÁS SZEREPE";"A golyó, kupak, pompon, dugó, pálcika vagy kis tartozék mérete nincs megadva; a szájba vehető/leváló részek veszélye miatt életkornak megfelelő, egyben maradó eszközt kell választani. | A feladat és/vagy a „figyeld, tudja-e” kérdés a megadott életkori sávban iskolás jellegű teljesítményelvárásnak tűnhet. Az érdeklődéstől és meglévő készségtől függő, választható játékként kell átfogalmazni; a kor nem tesztküszöb. | A hivatkozás között kereskedelmi vagy pedagógiai ötletforrás van; ez nem igazolja az életkori besorolást és a kártyán leírt várható viselkedést. A fő oldalon ezt külön kell jelölni.";"AMS_CORE; MONTESSORI_ACADEMY; HOME_MATH"
A127;Csendes könyvkészítés érzelem témában;4-5 év;Tartalmi pontosítás szükséges;KAPCSOLAT ÉS ELVÁRÁS;A szöveg könnyen szabállyá vagy viselkedési próbává válhat (érzelem megnevezése, várakozás, önjavítás, csendes idő, jóvátétel). A felnőtt rugalmas válaszát és a gyermek jogát a segítséghez pontosítani kell.;"PARENTING_META; DIAMOND_EF"
A128;Háromlépéses kísérlet: jég olvadása;4-5 év;Biztonsági pontosítás szükséges;"BIZTONSÁG; FORRÁS SZEREPE";"Kés, sütés vagy jég/só szerepelhet; az eredeti leírás nem különíti el elég pontosan a felnőtt által végzendő lépéseket és a biztonságos eszközöket. | A hivatkozás között kereskedelmi vagy pedagógiai ötletforrás van; ez nem igazolja az életkori besorolást és a kártyán leírt várható viselkedést. A fő oldalon ezt külön kell jelölni.";"GUIDED_PLAY_META; MONTESSORI_ACADEMY"
A129;Gombolás valós kabáton indulás nélkül;3-4 év;Nincs külön jelölt probléma;;;"AMS_CORE; LILLARD_PRIMARY"
A130;Mozgásos hangvadászat;5-6 év;Tartalmi pontosítás szükséges;ÉLETKORI ILLESZKEDÉS;"A feladat és/vagy a „figyeld, tudja-e” kérdés a megadott életkori sávban iskolás jellegű teljesítményelvárásnak tűnhet. Az érdeklődéstől és meglévő készségtől függő, választható játékként kell átfogalmazni; a kor nem tesztküszöb.";"BOOK_READING_META; MOVEMENT_META; DIAMOND_EF"
A131;Vonalon járás kis tárggyal;3-4 év;Forráshivatkozás tisztázandó;FORRÁS SZEREPE;"A hivatkozás között kereskedelmi vagy pedagógiai ötletforrás van; ez nem igazolja az életkori besorolást és a kártyán leírt várható viselkedést. A fő oldalon ezt külön kell jelölni.";"MONTESSORI_METHOD;CUSHMAN_BOOK;DIAMOND_EF"
A132;Csendjáték: meghallom a nevem;3-4 év;Tartalmi pontosítás szükséges;"KAPCSOLAT ÉS ELVÁRÁS; FORRÁS SZEREPE";"A szöveg könnyen szabállyá vagy viselkedési próbává válhat (érzelem megnevezése, várakozás, önjavítás, csendes idő, jóvátétel). A felnőtt rugalmas válaszát és a gyermek jogát a segítséghez pontosítani kell. | A hivatkozás között kereskedelmi vagy pedagógiai ötletforrás van; ez nem igazolja az életkori besorolást és a kártyán leírt várható viselkedést. A fő oldalon ezt külön kell jelölni.";"MONTESSORI_METHOD;CUSHMAN_BOOK;DIAMOND_EF"
A133;Öltözködési részfeladat: cipzár és patent;2-3 év;Forráshivatkozás tisztázandó;FORRÁS SZEREPE;"A hivatkozás között kereskedelmi vagy pedagógiai ötletforrás van; ez nem igazolja az életkori besorolást és a kártyán leírt várható viselkedést. A fő oldalon ezt külön kell jelölni.";"MONTESSORI_METHOD;CUSHMAN_BOOK"
A134;Asztalterítés alátét-kontúrokkal;2-3 év;Forráshivatkozás tisztázandó;FORRÁS SZEREPE;"A hivatkozás között kereskedelmi vagy pedagógiai ötletforrás van; ez nem igazolja az életkori besorolást és a kártyán leírt várható viselkedést. A fő oldalon ezt külön kell jelölni.";"MONTESSORI_METHOD;CUSHMAN_BOOK"
A135;Polírozás otthoni változatban;3-4 év;Biztonsági pontosítás szükséges;"BIZTONSÁG; FORRÁS SZEREPE";"A „természetes polírozó” összetétele nincs meghatározva; vegyszer nélkül, száraz ronggyal történő változatot kell előnyben részesíteni. | A hivatkozás között kereskedelmi vagy pedagógiai ötletforrás van; ez nem igazolja az életkori besorolást és a kártyán leírt várható viselkedést. A fő oldalon ezt külön kell jelölni.";"MONTESSORI_METHOD;CUSHMAN_BOOK"
A136;Kézmosás képes sorrenddel;2-3 év;Forráshivatkozás tisztázandó;FORRÁS SZEREPE;"A hivatkozás között kereskedelmi vagy pedagógiai ötletforrás van; ez nem igazolja az életkori besorolást és a kártyán leírt várható viselkedést. A fő oldalon ezt külön kell jelölni.";"MONTESSORI_METHOD;CUSHMAN_BOOK"
A137;Tapintó zsák: tárgykeresés látás nélkül;3-4 év;Biztonsági pontosítás szükséges;"BIZTONSÁG; FORRÁS SZEREPE";"A golyó, kupak, pompon, dugó, pálcika vagy kis tartozék mérete nincs megadva; a szájba vehető/leváló részek veszélye miatt életkornak megfelelő, egyben maradó eszközt kell választani. | A hivatkozás között kereskedelmi vagy pedagógiai ötletforrás van; ez nem igazolja az életkori besorolást és a kártyán leírt várható viselkedést. A fő oldalon ezt külön kell jelölni.";"MONTESSORI_METHOD;CUSHMAN_BOOK"
A138;Anyagpárosítás: durva, sima, puha;3-4 év;Forráshivatkozás tisztázandó;FORRÁS SZEREPE;"A hivatkozás között kereskedelmi vagy pedagógiai ötletforrás van; ez nem igazolja az életkori besorolást és a kártyán leírt várható viselkedést. A fő oldalon ezt külön kell jelölni.";"MONTESSORI_METHOD;CUSHMAN_BOOK"
A139;Hőmérséklet-párosítás üvegekkel;4-5 év;Biztonsági pontosítás szükséges;BIZTONSÁG;"Langyos/hűvös vízzel töltött palackok szerepelnek; a hőmérséklet és a zárás épsége előre ellenőrzendő.";MONTESSORI_METHOD
A140;Színárnyalat-sorozat festékmintákkal;4-5 év;Forráshivatkozás tisztázandó;FORRÁS SZEREPE;"A hivatkozás között kereskedelmi vagy pedagógiai ötletforrás van; ez nem igazolja az életkori besorolást és a kártyán leírt várható viselkedést. A fő oldalon ezt külön kell jelölni.";"MONTESSORI_METHOD;CUSHMAN_BOOK"
A141;Geometriai testek tapintása és megnevezése;4-5 év;Nincs külön jelölt probléma;;;"MONTESSORI_METHOD;SPATIAL_META"
A142;Geometriai forma-vadászat a lakásban;4-5 év;Nincs külön jelölt probléma;;;"MONTESSORI_METHOD;SPATIAL_META"
A143;Fémbetét ihletésű rajzolás;4-5 év;Forráshivatkozás tisztázandó;FORRÁS SZEREPE;"A hivatkozás között kereskedelmi vagy pedagógiai ötletforrás van; ez nem igazolja az életkori besorolást és a kártyán leírt várható viselkedést. A fő oldalon ezt külön kell jelölni.";"MONTESSORI_METHOD;CUSHMAN_BOOK"
A144;Homokpapír betű hanggal, nem betűnévvel;4-5 év;Tartalmi pontosítás szükséges;"ÉLETKORI ILLESZKEDÉS; FORRÁS SZEREPE";"A feladat és/vagy a „figyeld, tudja-e” kérdés a megadott életkori sávban iskolás jellegű teljesítményelvárásnak tűnhet. Az érdeklődéstől és meglévő készségtől függő, választható játékként kell átfogalmazni; a kor nem tesztküszöb. | A hivatkozás között kereskedelmi vagy pedagógiai ötletforrás van; ez nem igazolja az életkori besorolást és a kártyán leírt várható viselkedést. A fő oldalon ezt külön kell jelölni.";"MONTESSORI_METHOD;CUSHMAN_BOOK;BOOK_READING_META"
A145;Mozgatható ábécé tárgycímkézéshez;5-6 év;Tartalmi pontosítás szükséges;"ÉLETKORI ILLESZKEDÉS; FORRÁS SZEREPE";"A feladat és/vagy a „figyeld, tudja-e” kérdés a megadott életkori sávban iskolás jellegű teljesítményelvárásnak tűnhet. Az érdeklődéstől és meglévő készségtől függő, választható játékként kell átfogalmazni; a kor nem tesztküszöb. | A hivatkozás között kereskedelmi vagy pedagógiai ötletforrás van; ez nem igazolja az életkori besorolást és a kártyán leírt várható viselkedést. A fő oldalon ezt külön kell jelölni.";"MONTESSORI_METHOD;CUSHMAN_BOOK;BOOK_READING_META"
A146;Olvasott parancskártya végrehajtása;5-6 év;Tartalmi pontosítás szükséges;ÉLETKORI ILLESZKEDÉS;"A feladat és/vagy a „figyeld, tudja-e” kérdés a megadott életkori sávban iskolás jellegű teljesítményelvárásnak tűnhet. Az érdeklődéstől és meglévő készségtől függő, választható játékként kell átfogalmazni; a kor nem tesztküszöb.";"MONTESSORI_ELEMENTARY;MONTESSORI_METHOD"
A147;Főnév-címkézés valós tárgyakkal;5-6 év;Tartalmi pontosítás szükséges;ÉLETKORI ILLESZKEDÉS;"A feladat és/vagy a „figyeld, tudja-e” kérdés a megadott életkori sávban iskolás jellegű teljesítményelvárásnak tűnhet. Az érdeklődéstől és meglévő készségtől függő, választható játékként kell átfogalmazni; a kor nem tesztküszöb.";MONTESSORI_ELEMENTARY
A148;Melléknév-játék: milyen a tárgy?;5-6 év;Forráshivatkozás tisztázandó;FORRÁS SZEREPE;"A hivatkozás között kereskedelmi vagy pedagógiai ötletforrás van; ez nem igazolja az életkori besorolást és a kártyán leírt várható viselkedést. A fő oldalon ezt külön kell jelölni.";"MONTESSORI_ELEMENTARY;CUSHMAN_BOOK"
A149;Ige-parancsok mozgással;4-5 év;Nincs külön jelölt probléma;;;"MONTESSORI_ELEMENTARY;GUIDED_PLAY_META"
A150;Elöljárószó-játék: alatt, fölött, mellett;4-5 év;Biztonsági pontosítás szükséges;BIZTONSÁG;"A figura, tüske, rúd, fedő, csengő vagy háztartási alkatrész mérete/rögzítése nincs pontosan megadva; a szájba vehető vagy leváló részt ki kell zárni, különösen kisgyermeknél.";"MONTESSORI_ELEMENTARY;SPATIAL_META"
A151;Szócsalád-gyűjtés képekkel;5-6 év;Tartalmi pontosítás szükséges;ÉLETKORI ILLESZKEDÉS;"A feladat és/vagy a „figyeld, tudja-e” kérdés a megadott életkori sávban iskolás jellegű teljesítményelvárásnak tűnhet. Az érdeklődéstől és meglévő készségtől függő, választható játékként kell átfogalmazni; a kor nem tesztküszöb.";MONTESSORI_ELEMENTARY
A152;Számrudak lépcsője 1-től 10-ig;3-4 év;Tartalmi pontosítás szükséges;ÉLETKORI ILLESZKEDÉS;"A feladat és/vagy a „figyeld, tudja-e” kérdés a megadott életkori sávban iskolás jellegű teljesítményelvárásnak tűnhet. Az érdeklődéstől és meglévő készségtől függő, választható játékként kell átfogalmazni; a kor nem tesztküszöb.";"MONTESSORI_METHOD;HOME_MATH"
A153;Páros-páratlan tárgykirakás;5-6 év;Biztonsági pontosítás szükséges;BIZTONSÁG;"A golyó, kupak, pompon, dugó, pálcika vagy kis tartozék mérete nincs megadva; a szájba vehető/leváló részek veszélye miatt életkornak megfelelő, egyben maradó eszközt kell választani.";"MONTESSORI_METHOD;HOME_MATH"
A154;Tízes váltás gyöngyökkel vagy legóval;5-6 év;Biztonsági pontosítás szükséges;"BIZTONSÁG; ÉLETKORI ILLESZKEDÉS";"A golyó, kupak, pompon, dugó, pálcika vagy kis tartozék mérete nincs megadva; a szájba vehető/leváló részek veszélye miatt életkornak megfelelő, egyben maradó eszközt kell választani. | A feladat és/vagy a „figyeld, tudja-e” kérdés a megadott életkori sávban iskolás jellegű teljesítményelvárásnak tűnhet. Az érdeklődéstől és meglévő készségtől függő, választható játékként kell átfogalmazni; a kor nem tesztküszöb.";"MONTESSORI_METHOD;MONTESSORI_ELEMENTARY;HOME_MATH"
A155;Törtkör papírból;5-6 év;Tartalmi pontosítás szükséges;ÉLETKORI ILLESZKEDÉS;"A feladat és/vagy a „figyeld, tudja-e” kérdés a megadott életkori sávban iskolás jellegű teljesítményelvárásnak tűnhet. Az érdeklődéstől és meglévő készségtől függő, választható játékként kell átfogalmazni; a kor nem tesztküszöb.";"MONTESSORI_ELEMENTARY;SPATIAL_META;HOME_MATH"
A156;Szorzás mint ismételt összeadás kupakokkal;5-6 év;Biztonsági pontosítás szükséges;"BIZTONSÁG; ÉLETKORI ILLESZKEDÉS";"A golyó, kupak, pompon, dugó, pálcika vagy kis tartozék mérete nincs megadva; a szájba vehető/leváló részek veszélye miatt életkornak megfelelő, egyben maradó eszközt kell választani. | A feladat és/vagy a „figyeld, tudja-e” kérdés a megadott életkori sávban iskolás jellegű teljesítményelvárásnak tűnhet. Az érdeklődéstől és meglévő készségtől függő, választható játékként kell átfogalmazni; a kor nem tesztküszöb.";"MONTESSORI_ELEMENTARY;HOME_MATH"
A157;Mértani betétből díszítő minta;5-6 év;Nincs külön jelölt probléma;;;"MONTESSORI_ELEMENTARY;MONTESSORI_METHOD"
A158;Rajz élő modell után: növény vagy tárgy;5-6 év;Forráshivatkozás tisztázandó;FORRÁS SZEREPE;"A hivatkozás között kereskedelmi vagy pedagógiai ötletforrás van; ez nem igazolja az életkori besorolást és a kártyán leírt várható viselkedést. A fő oldalon ezt külön kell jelölni.";"MONTESSORI_ELEMENTARY;CUSHMAN_BOOK"
A159;Háromrészes kártyák saját témából;4-5 év;Tartalmi pontosítás szükséges;"ÉLETKORI ILLESZKEDÉS; FORRÁS SZEREPE";"A feladat és/vagy a „figyeld, tudja-e” kérdés a megadott életkori sávban iskolás jellegű teljesítményelvárásnak tűnhet. Az érdeklődéstől és meglévő készségtől függő, választható játékként kell átfogalmazni; a kor nem tesztküszöb. | A hivatkozás között kereskedelmi vagy pedagógiai ötletforrás van; ez nem igazolja az életkori besorolást és a kártyán leírt várható viselkedést. A fő oldalon ezt külön kell jelölni.";"MONTESSORI_METHOD;CUSHMAN_BOOK"
A160;Levélforma párosítás és préselés;4-5 év;Biztonsági pontosítás szükséges;"BIZTONSÁG; FORRÁS SZEREPE";"Természetes tárgyak között kavics, termés, levél vagy más szájba kerülő/irritáló darab lehet; a tárgyválasztást, a szájba vételt és a tisztaságot külön ellenőrizni kell. | A hivatkozás között kereskedelmi vagy pedagógiai ötletforrás van; ez nem igazolja az életkori besorolást és a kártyán leírt várható viselkedést. A fő oldalon ezt külön kell jelölni.";"MONTESSORI_METHOD;CUSHMAN_BOOK"
A161;Föld-víz forma agyagból;4-5 év;Biztonsági pontosítás szükséges;BIZTONSÁG;"Agyag/gyurma és víz szerepel; anyagbiztonság, kézmosás és vizes felület felügyelete szükséges.";"MONTESSORI_METHOD;SPATIAL_META"
A162;Hibakereső kártya: mi nincs a helyén?;3-4 év;Forráshivatkozás tisztázandó;FORRÁS SZEREPE;"A hivatkozás között kereskedelmi vagy pedagógiai ötletforrás van; ez nem igazolja az életkori besorolást és a kártyán leírt várható viselkedést. A fő oldalon ezt külön kell jelölni.";"CUSHMAN_BOOK;LILLARD_BOOK"
A163;Választótálca két munkával;2-3 év;Tartalmi pontosítás szükséges;"SZÜLŐI TEHER; FORRÁS SZEREPE";"Két előkészített „munka” folyamatos készenlétét írja le; ne sugallja, hogy külön tálcák szükségesek a fejlődéshez. | A hivatkozás között kereskedelmi vagy pedagógiai ötletforrás van; ez nem igazolja az életkori besorolást és a kártyán leírt várható viselkedést. A fő oldalon ezt külön kell jelölni.";"CUSHMAN_BOOK;LILLARD_BOOK;SELF_DETERMINATION"
A164;Hiba javítása felnőtt modell nélkül;3-4 év;Tartalmi pontosítás szükséges;"KAPCSOLAT ÉS ELVÁRÁS; FORRÁS SZEREPE";"A szöveg könnyen szabállyá vagy viselkedési próbává válhat (érzelem megnevezése, várakozás, önjavítás, csendes idő, jóvátétel). A felnőtt rugalmas válaszát és a gyermek jogát a segítséghez pontosítani kell. | A hivatkozás között kereskedelmi vagy pedagógiai ötletforrás van; ez nem igazolja az életkori besorolást és a kártyán leírt várható viselkedést. A fő oldalon ezt külön kell jelölni.";"CUSHMAN_BOOK;GUIDED_PLAY_META;DIAMOND_EF"
A165;Nem siettetős munka: 10 perces saját választás;3-4 év;Tartalmi pontosítás szükséges;"KAPCSOLAT ÉS ELVÁRÁS; FORRÁS SZEREPE";"A szöveg könnyen szabállyá vagy viselkedési próbává válhat (érzelem megnevezése, várakozás, önjavítás, csendes idő, jóvátétel). A felnőtt rugalmas válaszát és a gyermek jogát a segítséghez pontosítani kell. | A hivatkozás között kereskedelmi vagy pedagógiai ötletforrás van; ez nem igazolja az életkori besorolást és a kártyán leírt várható viselkedést. A fő oldalon ezt külön kell jelölni.";"MONTESSORI_METHOD;CUSHMAN_BOOK;LILLARD_BOOK"
A166;Könyves kosár szépség és valóság szerint;18-24 hó;Tartalmi pontosítás szükséges;"PEDAGÓGIAI ELŐFELTEVÉS; FORRÁS SZEREPE";"A „szépség és valóság szerint” cím azt sugallhatja, hogy a fantáziaképek kevésbé megfelelőek; erre itt nincs bemutatott fejlődési bizonyíték. A könyv választását a gyermek érdeklődése is vezesse. | A hivatkozás között kereskedelmi vagy pedagógiai ötletforrás van; ez nem igazolja az életkori besorolást és a kártyán leírt várható viselkedést. A fő oldalon ezt külön kell jelölni.";"CUSHMAN_BOOK;BOOK_READING_META"
A167;Nyitott végű kérdés helyett megfigyelő mondat;2-3 év;Tartalmi pontosítás szükséges;"KAPCSOLAT ÉS ELVÁRÁS; FORRÁS SZEREPE";"A szöveg könnyen szabállyá vagy viselkedési próbává válhat (érzelem megnevezése, várakozás, önjavítás, csendes idő, jóvátétel). A felnőtt rugalmas válaszát és a gyermek jogát a segítséghez pontosítani kell. | A hivatkozás között kereskedelmi vagy pedagógiai ötletforrás van; ez nem igazolja az életkori besorolást és a kártyán leírt várható viselkedést. A fő oldalon ezt külön kell jelölni.";"CUSHMAN_BOOK;PARENTING_META;GUIDED_PLAY_META"
A168;Kis házimunka választólista;4-5 év;Forráshivatkozás tisztázandó;FORRÁS SZEREPE;"A hivatkozás között kereskedelmi vagy pedagógiai ötletforrás van; ez nem igazolja az életkori besorolást és a kártyán leírt várható viselkedést. A fő oldalon ezt külön kell jelölni.";"CUSHMAN_BOOK;SELF_DRIVEN;PARENTING_META"
A169;Szülés előtti kapcsolódó hangritmus;0-3 hó;Tartalmi pontosítás szükséges;"ÉLETKORI ILLESZKEDÉS; FORRÁS SZEREPE";"A leírás várandósság alatti tevékenység, miközben a szűrő 0–3 hónapos csecsemőjátékként sorolja be; külön szülői ötletként vagy születés utáni dalolásként kezelendő. | A hivatkozás között kereskedelmi vagy pedagógiai ötletforrás van; ez nem igazolja az életkori besorolást és a kártyán leírt várható viselkedést. A fő oldalon ezt külön kell jelölni.";"SIMONE_BABY;PARENTING_META"
A170;Gondozási beszéd: most felemellek;0-3 hó;Forráshivatkozás tisztázandó;FORRÁS SZEREPE;"A hivatkozás között kereskedelmi vagy pedagógiai ötletforrás van; ez nem igazolja az életkori besorolást és a kártyán leírt várható viselkedést. A fő oldalon ezt külön kell jelölni.";"SIMONE_BABY;PARENTING_META"
A171;Mozgásszőnyeg tükörrel;0-3 hó;Forráshivatkozás tisztázandó;FORRÁS SZEREPE;"A hivatkozás között kereskedelmi vagy pedagógiai ötletforrás van; ez nem igazolja az életkori besorolást és a kártyán leírt várható viselkedést. A fő oldalon ezt külön kell jelölni.";"SIMONE_BABY;MOVEMENT_META;LILLARD_BOOK"
A172;Munari/Gobbi jellegű mobil egyszerű otthoni verzióban;0-3 hó;Biztonsági pontosítás szükséges;"BIZTONSÁG; FORRÁS SZEREPE";"Függő mobil szerepel: a rögzítés, az elérhetőség és az alvóhelyen való használat nincs elég pontosan körülhatárolva. Ne lógjon a baba által elérhető helyen; alváshoz ne maradjon ott. | A hivatkozás között kereskedelmi vagy pedagógiai ötletforrás van; ez nem igazolja az életkori besorolást és a kártyán leírt várható viselkedést. A fő oldalon ezt külön kell jelölni.";"SIMONE_BABY;LOVEVERY_LOOKER"
A173;Kéz-szabad öltöztetés és lábfigyelés;0-3 hó;Forráshivatkozás tisztázandó;FORRÁS SZEREPE;"A hivatkozás között kereskedelmi vagy pedagógiai ötletforrás van; ez nem igazolja az életkori besorolást és a kártyán leírt várható viselkedést. A fő oldalon ezt külön kell jelölni.";SIMONE_BABY
A174;Arcnézés és szájmozgás-beszélgetés;3-6 hó;Forráshivatkozás tisztázandó;FORRÁS SZEREPE;"A hivatkozás között kereskedelmi vagy pedagógiai ötletforrás van; ez nem igazolja az életkori besorolást és a kártyán leírt várható viselkedést. A fő oldalon ezt külön kell jelölni.";"SIMONE_BABY;BOOK_READING_META"
A175;Grasping toy kosár két tárggyal;3-6 hó;Forráshivatkozás tisztázandó;FORRÁS SZEREPE;"A hivatkozás között kereskedelmi vagy pedagógiai ötletforrás van; ez nem igazolja az életkori besorolást és a kártyán leírt várható viselkedést. A fő oldalon ezt külön kell jelölni.";"SIMONE_BABY;DIAMOND_EF"
A176;Kincses kosár első tárgyakkal;3-6 hó;Biztonsági pontosítás szükséges;"BIZTONSÁG; FORRÁS SZEREPE";"A figura, tüske, rúd, fedő, csengő vagy háztartási alkatrész mérete/rögzítése nincs pontosan megadva; a szájba vehető vagy leváló részt ki kell zárni, különösen kisgyermeknél. | A hivatkozás között kereskedelmi vagy pedagógiai ötletforrás van; ez nem igazolja az életkori besorolást és a kártyán leírt várható viselkedést. A fő oldalon ezt külön kell jelölni.";"SIMONE_BABY;GUIDED_PLAY_META"
A177;Egyszerű hangkosár;3-6 hó;Biztonsági pontosítás szükséges;"BIZTONSÁG; FORRÁS SZEREPE";"A figura, tüske, rúd, fedő, csengő vagy háztartási alkatrész mérete/rögzítése nincs pontosan megadva; a szájba vehető vagy leváló részt ki kell zárni, különösen kisgyermeknél. | A hivatkozás között kereskedelmi vagy pedagógiai ötletforrás van; ez nem igazolja az életkori besorolást és a kártyán leírt várható viselkedést. A fő oldalon ezt külön kell jelölni.";SIMONE_BABY
A178;Biztonságos mászó- és visszatérő pont;6-9 hó;Biztonsági pontosítás szükséges;"BIZTONSÁG; FORRÁS SZEREPE";"Az akadálypálya magassága, a bútorok stabilitása és az esésveszély nincs eléggé meghatározva; a gyermek tényleges mozgáskészségéhez kell igazítani. | A hivatkozás között kereskedelmi vagy pedagógiai ötletforrás van; ez nem igazolja az életkori besorolást és a kártyán leírt várható viselkedést. A fő oldalon ezt külön kell jelölni.";"SIMONE_BABY;PARENTING_META;MOVEMENT_META"
A179;Nyitás-zárás kosár;6-9 hó;Biztonsági pontosítás szükséges;"BIZTONSÁG; FORRÁS SZEREPE";"A figura, tüske, rúd, fedő, csengő vagy háztartási alkatrész mérete/rögzítése nincs pontosan megadva; a szájba vehető vagy leváló részt ki kell zárni, különösen kisgyermeknél. | A hivatkozás között kereskedelmi vagy pedagógiai ötletforrás van; ez nem igazolja az életkori besorolást és a kártyán leírt várható viselkedést. A fő oldalon ezt külön kell jelölni.";"SIMONE_BABY;SIMONE_TODDLER;DIAMOND_EF"
A180;Gyűrűk rúdra húzása nagy méretben;6-9 hó;Biztonsági pontosítás szükséges;"BIZTONSÁG; FORRÁS SZEREPE";"A figura, tüske, rúd, fedő, csengő vagy háztartási alkatrész mérete/rögzítése nincs pontosan megadva; a szájba vehető vagy leváló részt ki kell zárni, különösen kisgyermeknél. | A hivatkozás között kereskedelmi vagy pedagógiai ötletforrás van; ez nem igazolja az életkori besorolást és a kártyán leírt várható viselkedést. A fő oldalon ezt külön kell jelölni.";"SIMONE_BABY;SIMONE_TODDLER"
A181;Labdás kosár mászáshoz;6-9 hó;Forráshivatkozás tisztázandó;FORRÁS SZEREPE;"A hivatkozás között kereskedelmi vagy pedagógiai ötletforrás van; ez nem igazolja az életkori besorolást és a kártyán leírt várható viselkedést. A fő oldalon ezt külön kell jelölni.";"SIMONE_BABY;MOVEMENT_META"
A182;Weaning asztal: saját törlőrongy;6-9 hó;Forráshivatkozás tisztázandó;FORRÁS SZEREPE;"A hivatkozás között kereskedelmi vagy pedagógiai ötletforrás van; ez nem igazolja az életkori besorolást és a kártyán leírt várható viselkedést. A fő oldalon ezt külön kell jelölni.";SIMONE_BABY
A183;Tárgyállandóság doboz labdával;9-12 hó;Biztonsági pontosítás szükséges;"BIZTONSÁG; FOGALOM; FORRÁS SZEREPE";"A figura, tüske, rúd, fedő, csengő vagy háztartási alkatrész mérete/rögzítése nincs pontosan megadva; a szájba vehető vagy leváló részt ki kell zárni, különösen kisgyermeknél. | A „tárgyállandóság” cím/értelmezés túl nagy következtetést sugall egyetlen tárgykereső vagy dobozos játékból; írjuk le a konkrét megfigyelést. | A hivatkozás között kereskedelmi vagy pedagógiai ötletforrás van; ez nem igazolja az életkori besorolást és a kártyán leírt várható viselkedést. A fő oldalon ezt külön kell jelölni.";"SIMONE_BABY;SIMONE_TODDLER"
A184;Fa tojás és tojástartó;9-12 hó;Biztonsági pontosítás szükséges;"BIZTONSÁG; FORRÁS SZEREPE";"A figura, tüske, rúd, fedő, csengő vagy háztartási alkatrész mérete/rögzítése nincs pontosan megadva; a szájba vehető vagy leváló részt ki kell zárni, különösen kisgyermeknél. | A hivatkozás között kereskedelmi vagy pedagógiai ötletforrás van; ez nem igazolja az életkori besorolást és a kártyán leírt várható viselkedést. A fő oldalon ezt külön kell jelölni.";SIMONE_BABY
A185;Lépcsőről lemászás hátrafelé;9-12 hó;Biztonsági pontosítás szükséges;"BIZTONSÁG; FORRÁS SZEREPE";"Lépcsőről/kanapéról lemászás tanítása esésveszéllyel jár; a „ne kapd fel automatikusan” megfogalmazás félreérthető. Felnőtt karnyújtásnyira biztosítson. | A hivatkozás között kereskedelmi vagy pedagógiai ötletforrás van; ez nem igazolja az életkori besorolást és a kártyán leírt várható viselkedést. A fő oldalon ezt külön kell jelölni.";"SIMONE_BABY;MOVEMENT_META"
A186;Első állathang-könyv valós képekkel;9-12 hó;Forráshivatkozás tisztázandó;FORRÁS SZEREPE;"A hivatkozás között kereskedelmi vagy pedagógiai ötletforrás van; ez nem igazolja az életkori besorolást és a kártyán leírt várható viselkedést. A fő oldalon ezt külön kell jelölni.";"SIMONE_BABY;BOOK_READING_META"
A187;Kis hordozókosár járás után;9-12 hó;Forráshivatkozás tisztázandó;FORRÁS SZEREPE;"A hivatkozás között kereskedelmi vagy pedagógiai ötletforrás van; ez nem igazolja az életkori besorolást és a kártyán leírt várható viselkedést. A fő oldalon ezt külön kell jelölni.";SIMONE_BABY
A188;Orrfújó és arcmosó self-care kosár;12-18 hó;Forráshivatkozás tisztázandó;FORRÁS SZEREPE;"A hivatkozás között kereskedelmi vagy pedagógiai ötletforrás van; ez nem igazolja az életkori besorolást és a kártyán leírt várható viselkedést. A fő oldalon ezt külön kell jelölni.";"SIMONE_TODDLER;SIMONE_BABY"
A189;Kézmosás képes sorrenddel;12-18 hó;Biztonsági pontosítás szükséges;"BIZTONSÁG; FORRÁS SZEREPE";"Mosdó fellépő szerepel; csúszás, borulás és forró víz elleni óvintézkedést hozzá kell írni. | A hivatkozás között kereskedelmi vagy pedagógiai ötletforrás van; ez nem igazolja az életkori besorolást és a kártyán leírt várható viselkedést. A fő oldalon ezt külön kell jelölni.";"SIMONE_TODDLER;SIMONE_CHILD"
A190;Választott két snack előkészítése;12-18 hó;Biztonsági pontosítás szükséges;"BIZTONSÁG; FORRÁS SZEREPE";"Az alma és a kis kés előkészítéséhez életkornak megfelelő vágás/fulladásmegelőzés és a felnőtt által végzett késes lépés szükséges. | A hivatkozás között kereskedelmi vagy pedagógiai ötletforrás van; ez nem igazolja az életkori besorolást és a kártyán leírt várható viselkedést. A fő oldalon ezt külön kell jelölni.";"SIMONE_TODDLER;SELF_DETERMINATION"
A191;Nagy tárgyak párosítása képpel;12-18 hó;Forráshivatkozás tisztázandó;FORRÁS SZEREPE;"A hivatkozás között kereskedelmi vagy pedagógiai ötletforrás van; ez nem igazolja az életkori besorolást és a kártyán leírt várható viselkedést. A fő oldalon ezt külön kell jelölni.";"SIMONE_TODDLER;BOOK_READING_META"
A192;Vizes ecsetes teraszfestés;12-18 hó;Biztonsági pontosítás szükséges;"BIZTONSÁG; FORRÁS SZEREPE";"Víz szerepel a játékban: az eredeti lépések nem írják le elég konkrétan a folyamatos, közeli felügyeletet és a víz azonnali kiürítését. A vizes játék opcionális. | A hivatkozás között kereskedelmi vagy pedagógiai ötletforrás van; ez nem igazolja az életkori besorolást és a kártyán leírt várható viselkedést. A fő oldalon ezt külön kell jelölni.";SIMONE_TODDLER
A193;Kavics-levél-termés kinti gyűjtés;12-18 hó;Biztonsági pontosítás szükséges;"BIZTONSÁG; FORRÁS SZEREPE";"Természetes tárgyak között kavics, termés, levél vagy más szájba kerülő/irritáló darab lehet; a tárgyválasztást, a szájba vételt és a tisztaságot külön ellenőrizni kell. | A hivatkozás között kereskedelmi vagy pedagógiai ötletforrás van; ez nem igazolja az életkori besorolást és a kártyán leírt várható viselkedést. A fő oldalon ezt külön kell jelölni.";"SIMONE_TODDLER;MOVEMENT_META"
A194;Nyitás-zárás haladó kosár;18-24 hó;Biztonsági pontosítás szükséges;"BIZTONSÁG; FORRÁS SZEREPE";"A golyó, kupak, pompon, dugó, pálcika vagy kis tartozék mérete nincs megadva; a szájba vehető/leváló részek veszélye miatt életkornak megfelelő, egyben maradó eszközt kell választani. | A hivatkozás között kereskedelmi vagy pedagógiai ötletforrás van; ez nem igazolja az életkori besorolást és a kártyán leírt várható viselkedést. A fő oldalon ezt külön kell jelölni.";SIMONE_TODDLER
A195;Egyszerű csavar és anya nagy méretben;18-24 hó;Biztonsági pontosítás szükséges;"BIZTONSÁG; FORRÁS SZEREPE";"A golyó, kupak, pompon, dugó, pálcika vagy kis tartozék mérete nincs megadva; a szájba vehető/leváló részek veszélye miatt életkornak megfelelő, egyben maradó eszközt kell választani. | A hivatkozás között kereskedelmi vagy pedagógiai ötletforrás van; ez nem igazolja az életkori besorolást és a kártyán leírt várható viselkedést. A fő oldalon ezt külön kell jelölni.";SIMONE_TODDLER
A196;Mini virágrendezés;18-24 hó;Biztonsági pontosítás szükséges;"BIZTONSÁG; FORRÁS SZEREPE";"Víz szerepel a játékban: az eredeti lépések nem írják le elég konkrétan a folyamatos, közeli felügyeletet és a víz azonnali kiürítését. A vizes játék opcionális. | A hivatkozás között kereskedelmi vagy pedagógiai ötletforrás van; ez nem igazolja az életkori besorolást és a kártyán leírt várható viselkedést. A fő oldalon ezt külön kell jelölni.";"SIMONE_TODDLER;MONTESSORI_METHOD"
A197;Egyesével tálalás családi étkezésnél;18-24 hó;Forráshivatkozás tisztázandó;FORRÁS SZEREPE;"A hivatkozás között kereskedelmi vagy pedagógiai ötletforrás van; ez nem igazolja az életkori besorolást és a kártyán leírt várható viselkedést. A fő oldalon ezt külön kell jelölni.";"SIMONE_TODDLER;HOME_MATH"
A198;Megszakítás kéz a vállon jellel;18-24 hó;Tartalmi pontosítás szükséges;"KAPCSOLAT ÉS ELVÁRÁS; FORRÁS SZEREPE";"A szöveg könnyen szabállyá vagy viselkedési próbává válhat (érzelem megnevezése, várakozás, önjavítás, csendes idő, jóvátétel). A felnőtt rugalmas válaszát és a gyermek jogát a segítséghez pontosítani kell. | A hivatkozás között kereskedelmi vagy pedagógiai ötletforrás van; ez nem igazolja az életkori besorolást és a kártyán leírt várható viselkedést. A fő oldalon ezt külön kell jelölni.";"SIMONE_TODDLER;DIAMOND_EF"
A199;Érzelmek fordítója: látom, csalódott vagy;18-24 hó;Tartalmi pontosítás szükséges;"KAPCSOLAT ÉS ELVÁRÁS; FORRÁS SZEREPE";"A szöveg könnyen szabállyá vagy viselkedési próbává válhat (érzelem megnevezése, várakozás, önjavítás, csendes idő, jóvátétel). A felnőtt rugalmas válaszát és a gyermek jogát a segítséghez pontosítani kell. | A hivatkozás között kereskedelmi vagy pedagógiai ötletforrás van; ez nem igazolja az életkori besorolást és a kártyán leírt várható viselkedést. A fő oldalon ezt külön kell jelölni.";"SIMONE_TODDLER;PARENTING_META"
A200;Lassú séta: repedések, levelek, csigák;18-24 hó;Forráshivatkozás tisztázandó;FORRÁS SZEREPE;"A hivatkozás között kereskedelmi vagy pedagógiai ötletforrás van; ez nem igazolja az életkori besorolást és a kártyán leírt várható viselkedést. A fő oldalon ezt külön kell jelölni.";SIMONE_TODDLER
A201;Kétlépéses kabátfelvétel;2-3 év;Forráshivatkozás tisztázandó;FORRÁS SZEREPE;"A hivatkozás között kereskedelmi vagy pedagógiai ötletforrás van; ez nem igazolja az életkori besorolást és a kártyán leírt várható viselkedést. A fő oldalon ezt külön kell jelölni.";"SIMONE_CHILD;SIMONE_TODDLER"
A202;Kis állomás: cipő és táska helye;2-3 év;Forráshivatkozás tisztázandó;FORRÁS SZEREPE;"A hivatkozás között kereskedelmi vagy pedagógiai ötletforrás van; ez nem igazolja az életkori besorolást és a kártyán leírt várható viselkedést. A fő oldalon ezt külön kell jelölni.";"SIMONE_TODDLER;SIMONE_CHILD;DIAMOND_EF"
A203;Válogatás érdeklődés szerint: jármű/állat/étel;2-3 év;Forráshivatkozás tisztázandó;FORRÁS SZEREPE;"A hivatkozás között kereskedelmi vagy pedagógiai ötletforrás van; ez nem igazolja az életkori besorolást és a kártyán leírt várható viselkedést. A fő oldalon ezt külön kell jelölni.";"SIMONE_TODDLER;SIMONE_CHILD;HOME_MATH"
A204;Saját víz töltése kis kancsóból;2-3 év;Biztonsági pontosítás szükséges;"BIZTONSÁG; FORRÁS SZEREPE";"Víz szerepel a játékban: az eredeti lépések nem írják le elég konkrétan a folyamatos, közeli felügyeletet és a víz azonnali kiürítését. A vizes játék opcionális. | A hivatkozás között kereskedelmi vagy pedagógiai ötletforrás van; ez nem igazolja az életkori besorolást és a kártyán leírt várható viselkedést. A fő oldalon ezt külön kell jelölni.";"SIMONE_TODDLER;MONTESSORI_METHOD"
A205;Megjavítás: visszaadom és jóváteszem;2-3 év;Tartalmi pontosítás szükséges;"KAPCSOLAT ÉS ELVÁRÁS; FORRÁS SZEREPE";"A szöveg könnyen szabállyá vagy viselkedési próbává válhat (érzelem megnevezése, várakozás, önjavítás, csendes idő, jóvátétel). A felnőtt rugalmas válaszát és a gyermek jogát a segítséghez pontosítani kell. | A hivatkozás között kereskedelmi vagy pedagógiai ötletforrás van; ez nem igazolja az életkori besorolást és a kártyán leírt várható viselkedést. A fő oldalon ezt külön kell jelölni.";"SIMONE_CHILD;SIMONE_TODDLER;PARENTING_META"
A206;Segítségkérés elfogadható mondattal;2-3 év;Tartalmi pontosítás szükséges;"KAPCSOLAT ÉS ELVÁRÁS; FORRÁS SZEREPE";"A szöveg könnyen szabállyá vagy viselkedési próbává válhat (érzelem megnevezése, várakozás, önjavítás, csendes idő, jóvátétel). A felnőtt rugalmas válaszát és a gyermek jogát a segítséghez pontosítani kell. | A hivatkozás között kereskedelmi vagy pedagógiai ötletforrás van; ez nem igazolja az életkori besorolást és a kártyán leírt várható viselkedést. A fő oldalon ezt külön kell jelölni.";"SIMONE_CHILD;SIMONE_TODDLER"
A207;Családi beszélgetőkör vacsoránál;3-4 év;Forráshivatkozás tisztázandó;FORRÁS SZEREPE;"A hivatkozás között kereskedelmi vagy pedagógiai ötletforrás van; ez nem igazolja az életkori besorolást és a kártyán leírt várható viselkedést. A fő oldalon ezt külön kell jelölni.";SIMONE_CHILD
A208;Családi házimunka-választó két opcióval;3-4 év;Forráshivatkozás tisztázandó;FORRÁS SZEREPE;"A hivatkozás között kereskedelmi vagy pedagógiai ötletforrás van; ez nem igazolja az életkori besorolást és a kártyán leírt várható viselkedést. A fő oldalon ezt külön kell jelölni.";"SIMONE_CHILD;SELF_DETERMINATION"
A209;Érdeklődésből projektpolc;3-4 év;Tartalmi pontosítás szükséges;"SZÜLŐI TEHER; FORRÁS SZEREPE";"Külön projektpolc előkészítését javasolja; egy beszélgetés vagy kölcsönzött könyv is elegendő, a projektpolc opcionális. | A hivatkozás között kereskedelmi vagy pedagógiai ötletforrás van; ez nem igazolja az életkori besorolást és a kártyán leírt várható viselkedést. A fő oldalon ezt külön kell jelölni.";"SIMONE_CHILD;GUIDED_PLAY_META"
A210;Napirend nagy blokkokkal;3-4 év;Forráshivatkozás tisztázandó;FORRÁS SZEREPE;"A hivatkozás között kereskedelmi vagy pedagógiai ötletforrás van; ez nem igazolja az életkori besorolást és a kártyán leírt várható viselkedést. A fő oldalon ezt külön kell jelölni.";"SIMONE_CHILD;SIMONE_TODDLER;DIAMOND_EF"
A211;Problémamegoldó rajz: mi legyen most?;3-4 év;Tartalmi pontosítás szükséges;"KAPCSOLAT ÉS ELVÁRÁS; FORRÁS SZEREPE";"A szöveg könnyen szabállyá vagy viselkedési próbává válhat (érzelem megnevezése, várakozás, önjavítás, csendes idő, jóvátétel). A felnőtt rugalmas válaszát és a gyermek jogát a segítséghez pontosítani kell. | A hivatkozás között kereskedelmi vagy pedagógiai ötletforrás van; ez nem igazolja az életkori besorolást és a kártyán leírt várható viselkedést. A fő oldalon ezt külön kell jelölni.";"SIMONE_CHILD;DIAMOND_EF"
A212;Szezonális ritmusasztal egyszerűen;3-4 év;Biztonsági pontosítás szükséges;"BIZTONSÁG; FORRÁS SZEREPE";"Természetes tárgyak között kavics, termés, levél vagy más szájba kerülő/irritáló darab lehet; a tárgyválasztást, a szájba vételt és a tisztaságot külön ellenőrizni kell. | A hivatkozás között kereskedelmi vagy pedagógiai ötletforrás van; ez nem igazolja az életkori besorolást és a kártyán leírt várható viselkedést. A fő oldalon ezt külön kell jelölni.";"SIMONE_CHILD;SIMONE_TODDLER"
A213;Kis pénzbeszélgetés boltban;4-5 év;Biztonsági pontosítás szükséges;"BIZTONSÁG; FORRÁS SZEREPE";"Aprópénz és bankkártya megfigyelése szerepel; valódi érmét ne adjunk kézbe kisebb testvér jelenlétében, az eszközök ne maradjanak elérhetők. | A hivatkozás között kereskedelmi vagy pedagógiai ötletforrás van; ez nem igazolja az életkori besorolást és a kártyán leírt várható viselkedést. A fő oldalon ezt külön kell jelölni.";"SIMONE_CHILD;HOME_MATH"
A214;Testbeszélgetés: privát testrészek és határok;4-5 év;Tartalmi pontosítás szükséges;"KAPCSOLAT ÉS ELVÁRÁS; FORRÁS SZEREPE";"A testi autonómiáról szóló beszélgetés fontos, de a kártya nem tisztázza a felnőtt felelősségét és azt, hogy a gyermek reakciója nem teszt. A konkrét állításokhoz külön gyermekvédelmi forrás kell. | A hivatkozás között kereskedelmi vagy pedagógiai ötletforrás van; ez nem igazolja az életkori besorolást és a kártyán leírt várható viselkedést. A fő oldalon ezt külön kell jelölni.";"SIMONE_CHILD;PARENTING_META"
A215;Könyvkészítés saját témából;4-5 év;Biztonsági pontosítás szükséges;"BIZTONSÁG; FORRÁS SZEREPE";"Tűzőgép és fonal szerepel; sérülés és hosszú zsinór miatt a kötést a felnőtt végezze. | A hivatkozás között kereskedelmi vagy pedagógiai ötletforrás van; ez nem igazolja az életkori besorolást és a kártyán leírt várható viselkedést. A fő oldalon ezt külön kell jelölni.";"SIMONE_CHILD;BOOK_READING_META"
A216;Going out mini: könyvtári küldetés;4-5 év;Forráshivatkozás tisztázandó;FORRÁS SZEREPE;"A hivatkozás között kereskedelmi vagy pedagógiai ötletforrás van; ez nem igazolja az életkori besorolást és a kártyán leírt várható viselkedést. A fő oldalon ezt külön kell jelölni.";SIMONE_CHILD
A217;Közös családi szabályalkotás egy problémára;4-5 év;Tartalmi pontosítás szükséges;"KAPCSOLAT ÉS ELVÁRÁS; FORRÁS SZEREPE";"A szöveg könnyen szabállyá vagy viselkedési próbává válhat (érzelem megnevezése, várakozás, önjavítás, csendes idő, jóvátétel). A felnőtt rugalmas válaszát és a gyermek jogát a segítséghez pontosítani kell. | A hivatkozás között kereskedelmi vagy pedagógiai ötletforrás van; ez nem igazolja az életkori besorolást és a kártyán leírt várható viselkedést. A fő oldalon ezt külön kell jelölni.";"SIMONE_CHILD;SELF_DETERMINATION"
A218;Csendes nagy munka-idő;4-5 év;Tartalmi pontosítás szükséges;"KAPCSOLAT ÉS ELVÁRÁS; FORRÁS SZEREPE";"A szöveg könnyen szabállyá vagy viselkedési próbává válhat (érzelem megnevezése, várakozás, önjavítás, csendes idő, jóvátétel). A felnőtt rugalmas válaszát és a gyermek jogát a segítséghez pontosítani kell. | A hivatkozás között kereskedelmi vagy pedagógiai ötletforrás van; ez nem igazolja az életkori besorolást és a kártyán leírt várható viselkedést. A fő oldalon ezt külön kell jelölni.";"SIMONE_CHILD;LILLARD_BOOK;DIAMOND_EF"
A219;Érzékeny téma beszélgetőkártya: halál, háború, klíma;5-6 év;Tartalmi pontosítás szükséges;"ÉRZÉKENY TÉMA; FORRÁS SZEREPE";"Halál, háború és klímaváltozás nem egyetlen általános beszélgetőkártya; az életkor, az aktuális helyzet és a gyermek kérdése határozza meg a beszélgetést. Trauma vagy intenzív szorongás esetén külön támogatás lehet szükséges. | A hivatkozás között kereskedelmi vagy pedagógiai ötletforrás van; ez nem igazolja az életkori besorolást és a kártyán leírt várható viselkedést. A fő oldalon ezt külön kell jelölni.";"SIMONE_CHILD;PARENTING_META"
A220;Önálló kis kirándulás-terv szülővel;5-6 év;Tartalmi pontosítás szükséges;"SZÜLŐI TEHER; FORRÁS SZEREPE";"Az írásos terv/napló/kosár könnyen állandó szervezési feladattá válhat; a spontán beszélgetés és közös döntés ugyanúgy választható. | A hivatkozás között kereskedelmi vagy pedagógiai ötletforrás van; ez nem igazolja az életkori besorolást és a kártyán leírt várható viselkedést. A fő oldalon ezt külön kell jelölni.";"SIMONE_CHILD;DIAMOND_EF"
A221;Családi kultúra: recept és történet;5-6 év;Forráshivatkozás tisztázandó;FORRÁS SZEREPE;"A hivatkozás között kereskedelmi vagy pedagógiai ötletforrás van; ez nem igazolja az életkori besorolást és a kártyán leírt várható viselkedést. A fő oldalon ezt külön kell jelölni.";SIMONE_CHILD
A222;Döntésnapló két választásról;5-6 év;Tartalmi pontosítás szükséges;"KAPCSOLAT ÉS ELVÁRÁS; FORRÁS SZEREPE";"A szöveg könnyen szabállyá vagy viselkedési próbává válhat (érzelem megnevezése, várakozás, önjavítás, csendes idő, jóvátétel). A felnőtt rugalmas válaszát és a gyermek jogát a segítséghez pontosítani kell. | A hivatkozás között kereskedelmi vagy pedagógiai ötletforrás van; ez nem igazolja az életkori besorolást és a kártyán leírt várható viselkedést. A fő oldalon ezt külön kell jelölni.";"SIMONE_CHILD;SELF_DRIVEN;SELF_DETERMINATION"
A223;Szabad játék után saját rendrakási stratégia;5-6 év;Forráshivatkozás tisztázandó;FORRÁS SZEREPE;"A hivatkozás között kereskedelmi vagy pedagógiai ötletforrás van; ez nem igazolja az életkori besorolást és a kártyán leírt várható viselkedést. A fő oldalon ezt külön kell jelölni.";"SIMONE_CHILD;DIAMOND_EF"
A224;Nagy kérdés kosár;5-6 év;Tartalmi pontosítás szükséges;"SZÜLŐI TEHER; FORRÁS SZEREPE";"Az írásos terv/napló/kosár könnyen állandó szervezési feladattá válhat; a spontán beszélgetés és közös döntés ugyanúgy választható. | A hivatkozás között kereskedelmi vagy pedagógiai ötletforrás van; ez nem igazolja az életkori besorolást és a kártyán leírt várható viselkedést. A fő oldalon ezt külön kell jelölni.";"SIMONE_CHILD;GUIDED_PLAY_META"
