id;title;finding;scope
R001;Vöröslencsés sütőtökkrém;"A meglévő összetevőknél új konkrét hibát nem azonosítottam; a jelölések értelmezése és címkeellenőrzés hozzáadva.";"v1.9: allergének és összetevőbiztonság ellenőrizve; nem tápérték- vagy étrendi audit."
R002;Marhahúsos édesburgonya-püré;"A meglévő összetevőknél új konkrét hibát nem azonosítottam; a jelölések értelmezése és címkeellenőrzés hozzáadva.";"v1.9: allergének és összetevőbiztonság ellenőrizve; nem tápérték- vagy étrendi audit."
R003;Csirkés brokkoli-burgonya krém;"A meglévő összetevőknél új konkrét hibát nem azonosítottam; a jelölések értelmezése és címkeellenőrzés hozzáadva.";"v1.9: allergének és összetevőbiztonság ellenőrizve; nem tápérték- vagy étrendi audit."
R004;Tojásos zabkása körtével;Az opcionális tápszer lehetséges tej- és szójaallergénje jelölve. | Összetevőhöz kötött biztonsági feltételek kiegészítése.;"v1.9: allergének és összetevőbiztonság ellenőrizve; nem tápérték- vagy étrendi audit."
R005;Lazacos burgonya-borsó krém;"A meglévő összetevőknél új konkrét hibát nem azonosítottam; a jelölések értelmezése és címkeellenőrzés hozzáadva.";"v1.9: allergének és összetevőbiztonság ellenőrizve; nem tápérték- vagy étrendi audit."
R006;Fehérbabos cukkini krém;A bab teljes hőkezelésének egyértelműsítése. | Összetevőhöz kötött biztonsági feltételek kiegészítése.;"v1.9: allergének és összetevőbiztonság ellenőrizve; nem tápérték- vagy étrendi audit."
R007;Köleskása szilvával és joghurttal;Összetevőhöz kötött biztonsági feltételek kiegészítése.;"v1.9: allergének és összetevőbiztonság ellenőrizve; nem tápérték- vagy étrendi audit."
R008;Tahinis csicseriborsó-sütőtökkrém;"A meglévő összetevőknél új konkrét hibát nem azonosítottam; a jelölések értelmezése és címkeellenőrzés hozzáadva.";"v1.9: allergének és összetevőbiztonság ellenőrizve; nem tápérték- vagy étrendi audit."
R009;Mogyoróvajas banános zabkrém;Összetevőhöz kötött biztonsági feltételek kiegészítése.;"v1.9: allergének és összetevőbiztonság ellenőrizve; nem tápérték- vagy étrendi audit."
R010;Avokádós tojáskrém puha kenyércsíkkal;"Az opcionális allergént a kizárószűrő egységes néven kezeli; a választást külön megjegyzés magyarázza. | Összetevőhöz kötött biztonsági feltételek kiegészítése.";"v1.9: allergének és összetevőbiztonság ellenőrizve; nem tápérték- vagy étrendi audit."
R011;Puhára főtt brokkolirudak hummusszal;"A meglévő összetevőknél új konkrét hibát nem azonosítottam; a jelölések értelmezése és címkeellenőrzés hozzáadva.";"v1.9: allergének és összetevőbiztonság ellenőrizve; nem tápérték- vagy étrendi audit."
R012;Almás-fahéjas zabkása;"A meglévő összetevőknél új konkrét hibát nem azonosítottam; a jelölések értelmezése és címkeellenőrzés hozzáadva.";"v1.9: allergének és összetevőbiztonság ellenőrizve; nem tápérték- vagy étrendi audit."
R013;Mini marhahúsos paradicsomos rizottó;"A meglévő összetevőknél új konkrét hibát nem azonosítottam; a jelölések értelmezése és címkeellenőrzés hozzáadva.";"v1.9: allergének és összetevőbiztonság ellenőrizve; nem tápérték- vagy étrendi audit."
R014;Pulykás zöldségfasírt puha rudakban;Összetevőhöz kötött biztonsági feltételek kiegészítése.;"v1.9: allergének és összetevőbiztonság ellenőrizve; nem tápérték- vagy étrendi audit."
R015;Lazacos krumplipogácsa;Összetevőhöz kötött biztonsági feltételek kiegészítése.;"v1.9: allergének és összetevőbiztonság ellenőrizve; nem tápérték- vagy étrendi audit."
R016;Vöröslencsés paradicsomos aprótészta;A tésztától függő tojásallergén feltüntetése.;"v1.9: allergének és összetevőbiztonság ellenőrizve; nem tápérték- vagy étrendi audit."
R017;Tojásos zöldségmuffin;Összetevőhöz kötött biztonsági feltételek kiegészítése.;"v1.9: allergének és összetevőbiztonság ellenőrizve; nem tápérték- vagy étrendi audit."
R018;Csicseriborsós édesburgonya-lepény;"A meglévő összetevőknél új konkrét hibát nem azonosítottam; a jelölések értelmezése és címkeellenőrzés hozzáadva.";"v1.9: allergének és összetevőbiztonság ellenőrizve; nem tápérték- vagy étrendi audit."
R019;Zabos túrópalacsinta;Összetevőhöz kötött biztonsági feltételek kiegészítése.;"v1.9: allergének és összetevőbiztonság ellenőrizve; nem tápérték- vagy étrendi audit."
R020;Puhára sült körte zabos morzsával;Összetevőhöz kötött biztonsági feltételek kiegészítése.;"v1.9: allergének és összetevőbiztonság ellenőrizve; nem tápérték- vagy étrendi audit."
R021;Csirkés kuszkusz puha zöldségekkel;"A meglévő összetevőknél új konkrét hibát nem azonosítottam; a jelölések értelmezése és címkeellenőrzés hozzáadva.";"v1.9: allergének és összetevőbiztonság ellenőrizve; nem tápérték- vagy étrendi audit."
R022;Brokkolis omlettcsíkok;"Az opcionális allergént a kizárószűrő egységes néven kezeli; a választást külön megjegyzés magyarázza. | Összetevőhöz kötött biztonsági feltételek kiegészítése.";"v1.9: allergének és összetevőbiztonság ellenőrizve; nem tápérték- vagy étrendi audit."
R023;Babos avokádókrém puha tortillával;A bab teljes hőkezelésének egyértelműsítése. | Összetevőhöz kötött biztonsági feltételek kiegészítése.;"v1.9: allergének és összetevőbiztonság ellenőrizve; nem tápérték- vagy étrendi audit."
R024;Sütőtökös kölesgolyó;"A meglévő összetevőknél új konkrét hibát nem azonosítottam; a jelölések értelmezése és címkeellenőrzés hozzáadva.";"v1.9: allergének és összetevőbiztonság ellenőrizve; nem tápérték- vagy étrendi audit."
R025;Vöröslencsés bolognai;A tésztától függő tojásallergén feltüntetése.;"v1.9: allergének és összetevőbiztonság ellenőrizve; nem tápérték- vagy étrendi audit."
R026;Marhahúsos-zöldséges ragu puliszkával;"A meglévő összetevőknél új konkrét hibát nem azonosítottam; a jelölések értelmezése és címkeellenőrzés hozzáadva.";"v1.9: allergének és összetevőbiztonság ellenőrizve; nem tápérték- vagy étrendi audit."
R027;Csirkés bulgur egytál;"A meglévő összetevőknél új konkrét hibát nem azonosítottam; a jelölések értelmezése és címkeellenőrzés hozzáadva.";"v1.9: allergének és összetevőbiztonság ellenőrizve; nem tápérték- vagy étrendi audit."
R028;Lazacos joghurtos tészta borsóval;A tésztától függő tojásallergén feltüntetése. | Összetevőhöz kötött biztonsági feltételek kiegészítése.;"v1.9: allergének és összetevőbiztonság ellenőrizve; nem tápérték- vagy étrendi audit."
R029;Spenótos-ricottás puha galuska;Összetevőhöz kötött biztonsági feltételek kiegészítése.;"v1.9: allergének és összetevőbiztonság ellenőrizve; nem tápérték- vagy étrendi audit."
R030;Cukkinis zabfasírt;Összetevőhöz kötött biztonsági feltételek kiegészítése.;"v1.9: allergének és összetevőbiztonság ellenőrizve; nem tápérték- vagy étrendi audit."
R031;Zöldborsós tojásos rizs;A kemény borsószemre vonatkozó ellentmondó mondat javítása. | Összetevőhöz kötött biztonsági feltételek kiegészítése.;"v1.9: allergének és összetevőbiztonság ellenőrizve; nem tápérték- vagy étrendi audit."
R032;Lencsés pásztorpite;"Az opcionális allergént a kizárószűrő egységes néven kezeli; a választást külön megjegyzés magyarázza.";"v1.9: allergének és összetevőbiztonság ellenőrizve; nem tápérték- vagy étrendi audit."
R033;Túró-zab gofri cukor nélkül;Összetevőhöz kötött biztonsági feltételek kiegészítése.;"v1.9: allergének és összetevőbiztonság ellenőrizve; nem tápérték- vagy étrendi audit."
R034;Meggyes túrós süti hozzáadott cukor nélkül;Összetevőhöz kötött biztonsági feltételek kiegészítése.;"v1.9: allergének és összetevőbiztonság ellenőrizve; nem tápérték- vagy étrendi audit."
R035;Banános zabmuffin;Összetevőhöz kötött biztonsági feltételek kiegészítése.;"v1.9: allergének és összetevőbiztonság ellenőrizve; nem tápérték- vagy étrendi audit."
R036;Sárgarépás hummusz szendvics;"A meglévő összetevőknél új konkrét hibát nem azonosítottam; a jelölések értelmezése és címkeellenőrzés hozzáadva.";"v1.9: allergének és összetevőbiztonság ellenőrizve; nem tápérték- vagy étrendi audit."
R037;Brokkolis-sajtos quinoa falatok;Összetevőhöz kötött biztonsági feltételek kiegészítése.;"v1.9: allergének és összetevőbiztonság ellenőrizve; nem tápérték- vagy étrendi audit."
R038;Tökfőzelék puha húsgombóccal;Összetevőhöz kötött biztonsági feltételek kiegészítése.;"v1.9: allergének és összetevőbiztonság ellenőrizve; nem tápérték- vagy étrendi audit."
R039;Zöldséges csirkeragu kuszkusszal;"A meglévő összetevőknél új konkrét hibát nem azonosítottam; a jelölések értelmezése és címkeellenőrzés hozzáadva.";"v1.9: allergének és összetevőbiztonság ellenőrizve; nem tápérték- vagy étrendi audit."
R040;Halas paradicsomos tészta;A tésztától függő tojásallergén feltüntetése. | A nem meghatározott halfaj pontosítása. | Összetevőhöz kötött biztonsági feltételek kiegészítése.;"v1.9: allergének és összetevőbiztonság ellenőrizve; nem tápérték- vagy étrendi audit."
R041;Enyhe vöröslencsés curry rizzsel;A fűszerkeverék feltételes mustár- és zellerallergénje jelölve.;"v1.9: allergének és összetevőbiztonság ellenőrizve; nem tápérték- vagy étrendi audit."
R042;Babos quesadilla puha háromszögekben;A bab teljes hőkezelésének egyértelműsítése. | Összetevőhöz kötött biztonsági feltételek kiegészítése.;"v1.9: allergének és összetevőbiztonság ellenőrizve; nem tápérték- vagy étrendi audit."
R043;Almás-zabos sütőpalacsinta;Összetevőhöz kötött biztonsági feltételek kiegészítése.;"v1.9: allergének és összetevőbiztonság ellenőrizve; nem tápérték- vagy étrendi audit."
R044;Céklás hummusz puha pitával;A szezám egyszerű elhagyására vonatkozó tanács pontosítása.;"v1.9: allergének és összetevőbiztonság ellenőrizve; nem tápérték- vagy étrendi audit."
R045;Mini húsgolyó paradicsomszósszal;Összetevőhöz kötött biztonsági feltételek kiegészítése.;"v1.9: allergének és összetevőbiztonság ellenőrizve; nem tápérték- vagy étrendi audit."
R046;Zöldséges omletttekercs;Összetevőhöz kötött biztonsági feltételek kiegészítése.;"v1.9: allergének és összetevőbiztonság ellenőrizve; nem tápérték- vagy étrendi audit."
R047;Házi halrudacska sütőben;A nem meghatározott halfaj pontosítása. | Összetevőhöz kötött biztonsági feltételek kiegészítése.;"v1.9: allergének és összetevőbiztonság ellenőrizve; nem tápérték- vagy étrendi audit."
R048;Lencsés taco-tál;"A meglévő összetevőknél új konkrét hibát nem azonosítottam; a jelölések értelmezése és címkeellenőrzés hozzáadva.";"v1.9: allergének és összetevőbiztonság ellenőrizve; nem tápérték- vagy étrendi audit."
R049;Sütőtökös-sajtos tészta;A tésztától függő tojásallergén feltüntetése. | Összetevőhöz kötött biztonsági feltételek kiegészítése.;"v1.9: allergének és összetevőbiztonság ellenőrizve; nem tápérték- vagy étrendi audit."
R050;Gyümölcsös joghurtpohár puha zabos réteggel;"Az opcionális allergént a kizárószűrő egységes néven kezeli; a választást külön megjegyzés magyarázza. | Az azonosítatlan mag helyett konkrét, jelölt dió szerepel. | Összetevőhöz kötött biztonsági feltételek kiegészítése.";"v1.9: allergének és összetevőbiztonság ellenőrizve; nem tápérték- vagy étrendi audit."
