id;title;stage;age_min_months;meal_type;texture;diet;prep_min;cook_min;ingredients;steps;nutrition_focus;iron_source;protein_source;allergens;fruit_veg;added_sugar;added_salt;texture_notes;safety_notes;family_adaptation;freezer_ok;batch_ok;evidence_tags;source_ids;source_urls
R001;Vöröslencsés sütőtökkrém;6–8 hó;6;ebéd/vacsora;püré vagy tört;vegán;5;20;40 g vöröslencse | 120 g sütőtök | 1 tk repce- vagy olívaolaj | víz;Öblítsd le a lencsét. A sütőtököt kockázd fel, majd a lencsével együtt főzd teljesen puhára. Törd vagy turmixold a gyermek aktuális textúraszintjére, végül keverd bele az olajat.;Hüvelyesből származó vas, fehérje és energiadúsítás olajjal.;vöröslencse;vöröslencse;nincs;sütőtök;nincs;nincs;"Kezdetben sűrű, kanálról le nem folyó püré; később villával durvábban törve.";Mindig ülve kínáld. Ha túl sűrű és tapadós, hígítsd kevés vízzel vagy anyatejjel/tápszerrel közvetlenül tálalás előtt.;A családi adaghoz mehet fokhagyma, kömény, citrom és só csak a gyermek adagjának kivétele után.;igen;igen;"vasfókusz; hüvelyes; gyors";"WHO_CF_2023;WHO_PLANT_REVIEW;ESPGHAN_CF_2017";"https://www.who.int/publications/i/item/9789240081864;https://cdn.who.int/media/docs/default-source/nutrition-and-food-safety/complementary-feeding/cf-guidelines/systematic-review-fruits-and-vegetables-and-nuts-pulses-and-seeds.pdf?sfvrsn=39939e59_3;https://pubmed.ncbi.nlm.nih.gov/28027215/"
R002;Marhahúsos édesburgonya-püré;6–8 hó;6;ebéd/vacsora;püré vagy tört;mindenevő;8;25;50 g sovány darált marhahús | 120 g édesburgonya | 40 g sárgarépa | 1 tk olaj | víz;A zöldségeket főzd puhára. A húst kevés vízzel teljesen süsd/főzd át, majd a zöldségekkel együtt törd vagy turmixold. Az olajat a végén add hozzá.;Jól hasznosuló hemvas, fehérje és béta-karotin.;marhahús;marhahús;nincs;édesburgonya, sárgarépa;nincs;nincs;"A hús ne maradjon szálas vagy száraz; kezdetben simább, később finoman szemcsés állag.";A hús teljesen átsült legyen. A kész étel ne legyen száraz, morzsálódó vagy nagy darabos.;"A családi változatból készülhet paradicsomos-római köményes ragu; a gyermek adagját sózás előtt vedd ki.";igen;igen;"vasfókusz; hús; fagyasztható";"WHO_CF_2023;WHO_ASF_REVIEW;ESPGHAN_CF_2017";"https://www.who.int/publications/i/item/9789240081864;https://cdn.who.int/media/docs/default-source/nutrition-and-food-safety/complementary-feeding/cf-guidelines/systematic-review-animal-source-foods.pdf?sfvrsn=de55e4b7_3;https://pubmed.ncbi.nlm.nih.gov/28027215/"
R003;Csirkés brokkoli-burgonya krém;6–8 hó;6;ebéd/vacsora;püré vagy tört;mindenevő;8;22;50 g csirkemell vagy csirkecombfilé | 100 g burgonya | 60 g brokkoli | 1 tk olaj | víz;A húst és a burgonyát főzd teljesen puhára, a brokkolit az utolsó percekben add hozzá. Törd össze, és olajjal állítsd be a kívánt állagot.;Fehérje, vas és C-vitaminban gazdag zöldség kombinációja.;csirkehús;csirkehús;nincs;brokkoli, burgonya;nincs;nincs;A brokkoli szára is használható, ha teljesen puha és finomra tört.;"A csirkehús ne maradjon rostos; csont- és porcdarab ne kerüljön az ételbe.";A családi adaghoz joghurtos-fokhagymás szósz vagy fűszernövény adható, sózás később.;igen;igen;"fehérje; zöldség; batch";"WHO_CF_2023;WHO_ASF_REVIEW;WHO_IYCF";"https://www.who.int/publications/i/item/9789240081864;https://cdn.who.int/media/docs/default-source/nutrition-and-food-safety/complementary-feeding/cf-guidelines/systematic-review-animal-source-foods.pdf?sfvrsn=de55e4b7_3;https://www.who.int/news-room/fact-sheets/detail/infant-and-young-child-feeding"
R004;Tojásos zabkása körtével;6–8 hó;6;reggeli;sűrű kása;vegetáriánus;3;10;25 g finom zabpehely | 120 ml víz vagy elkészített tápszer/anyatej utólag | 1 teljes tojás | 50 g érett körte;A zabot vízben főzd puhára. A tojást külön főzd keményre vagy a kásába keverve teljesen hőkezeld. A körtét reszeld vagy párold, majd keverd össze.;"Tojásból származó fehérje, vas és kolin; zab és gyümölcs.";tojás, zab;tojás;"tojás; glutén";körte;nincs;nincs;"Sűrű, kanálon maradó állag; önetető kanálhoz is megfelelő.";A tojás teljesen hőkezelt legyen. Első allergénbevezetésnél kis mennyiséggel, délelőtt és megfigyelhető időszakban kínáld.;A családi adagba fahéj, vanília, diófélék őrleménye csak életkornak megfelelően és biztonságos formában kerülhet.;nem;nem;"allergén; tojás; reggeli; vasfókusz";"WHO_CF_2023;ESPGHAN_CF_2017;WHO_RF_REVIEW";"https://www.who.int/publications/i/item/9789240081864;https://pubmed.ncbi.nlm.nih.gov/28027215/;https://cdn.who.int/media/docs/default-source/nutrition-and-food-safety/complementary-feeding/cf-guidelines/systematic-review-responsive-feeding.pdf?sfvrsn=2a46329d_3"
R005;Lazacos burgonya-borsó krém;6–8 hó;6;ebéd/vacsora;püré vagy tört;mindenevő;8;20;45 g lazacfilé | 100 g burgonya | 50 g zöldborsó | 1 tk olaj | víz;A burgonyát és borsót főzd puhára. A lazacot gőzöld vagy süsd át teljesen, majd gondosan ellenőrizd a szálkákat. Törd össze együtt.;Fehérje, vas, jód és omega-3 zsírsavak.;lazac, borsó;lazac;hal;zöldborsó, burgonya;nincs;nincs;"Kezdetben simább krém; később a borsót villával csak részben törd.";A hal legyen teljesen átsült és szálkamentes. Első halbevezetésnél kis adaggal kezdj.;"A családi adaghoz kapor, citrom és joghurtos szósz adható; a gyermek adagját előbb vedd ki.";igen;igen;"hal; omega-3; vasfókusz; allergén";"WHO_ASF_REVIEW;ESPGHAN_CF_2017;WHO_CF_2023";"https://cdn.who.int/media/docs/default-source/nutrition-and-food-safety/complementary-feeding/cf-guidelines/systematic-review-animal-source-foods.pdf?sfvrsn=de55e4b7_3;https://pubmed.ncbi.nlm.nih.gov/28027215/;https://www.who.int/publications/i/item/9789240081864"
R006;Fehérbabos cukkini krém;6–8 hó;6;ebéd/vacsora;tört vagy püré;vegán;5;15;100 g főtt, sótlan fehérbab | 100 g cukkini | 1 tk olívaolaj | citromlé néhány csepp;A cukkinit párold puhára. A babot öblítsd át, majd a cukkinivel és olajjal törd simára. Kevés vízzel állítsd be a sűrűséget.;"Növényi fehérje, vas és rost; C-vitaminos kiegészítés.";fehérbab;fehérbab;nincs;cukkini;nincs;nincs;"Teljesen sima vagy finoman tört; a bab héja ne maradjon nagy, száraz darabokban.";Konzervbab csak sótlan vagy alaposan leöblített változatban. Puffadás esetén kisebb adaggal kezdj.;A családnak fokhagymás-citromos mártogatós lehet, kenyérrel és sült zöldséggel.;igen;igen;"hüvelyes; vasfókusz; vegán";"WHO_PLANT_REVIEW;WHO_CF_2023;WHO_RF_REVIEW";"https://cdn.who.int/media/docs/default-source/nutrition-and-food-safety/complementary-feeding/cf-guidelines/systematic-review-fruits-and-vegetables-and-nuts-pulses-and-seeds.pdf?sfvrsn=39939e59_3;https://www.who.int/publications/i/item/9789240081864;https://cdn.who.int/media/docs/default-source/nutrition-and-food-safety/complementary-feeding/cf-guidelines/systematic-review-responsive-feeding.pdf?sfvrsn=2a46329d_3"
R007;Köleskása szilvával és joghurttal;6–8 hó;6;reggeli/uzsonna;sűrű kása;vegetáriánus;5;18;30 g kölespehely vagy puhára főtt köles | 80 g szilva | 2 ek natúr, pasztőrözött joghurt | víz;A kölest főzd nagyon puhára. A szilvát párold, magját és héját szükség szerint távolítsd el. Hűlés után keverd bele a joghurtot.;Gabonafélék, gyümölcs, tejtermék és változatos ízek.;köles;joghurt;tej;szilva;nincs;nincs;Kezdetben simább kása, később apró puha szemcsékkel.;Csak pasztőrözött tejterméket használj. A szilvamagot maradéktalanul távolítsd el.;A családi adagba fahéj, pirított magőrlemény és több gyümölcs kerülhet.;nem;igen;"reggeli; tej; gyümölcs";"WHO_CF_2023;WHO_IYCF;WHO_PLANT_REVIEW";"https://www.who.int/publications/i/item/9789240081864;https://www.who.int/news-room/fact-sheets/detail/infant-and-young-child-feeding;https://cdn.who.int/media/docs/default-source/nutrition-and-food-safety/complementary-feeding/cf-guidelines/systematic-review-fruits-and-vegetables-and-nuts-pulses-and-seeds.pdf?sfvrsn=39939e59_3"
R008;Tahinis csicseriborsó-sütőtökkrém;6–8 hó;6;ebéd/uzsonna;sima krém;vegán;5;15;80 g főtt csicseriborsó | 100 g sült sütőtök | 1 tk tahini | víz | néhány csepp citrom;A hozzávalókat turmixold krémesre. A tahinit vízzel hígítsd, hogy ne legyen tapadós.;Növényi fehérje, vas, energia és szezámallergén korai, biztonságos formában.;csicseriborsó, tahini;csicseriborsó;szezám;sütőtök;nincs;nincs;"Lágy, könnyen lecsúszó krém; ne legyen sűrű, száraz vagy ragacsos.";Első szezámbevezetésnél kis mennyiséggel kezdj. A tahinit mindig hígítva add.;"Felnőtteknek klasszikus hummusz fűszerekkel; a gyermek adagját sózás előtt különítsd el.";igen;igen;"allergén; szezám; hüvelyes; vasfókusz";"WHO_PLANT_REVIEW;ESPGHAN_CF_2017;WHO_RF_REVIEW";"https://cdn.who.int/media/docs/default-source/nutrition-and-food-safety/complementary-feeding/cf-guidelines/systematic-review-fruits-and-vegetables-and-nuts-pulses-and-seeds.pdf?sfvrsn=39939e59_3;https://pubmed.ncbi.nlm.nih.gov/28027215/;https://cdn.who.int/media/docs/default-source/nutrition-and-food-safety/complementary-feeding/cf-guidelines/systematic-review-responsive-feeding.pdf?sfvrsn=2a46329d_3"
R009;Mogyoróvajas banános zabkrém;6–8 hó;6;reggeli/uzsonna;sűrű krém;vegetáriánus;3;7;20 g finom zabpehely | 100 ml víz | 40 g banán | 1/4–1/2 tk sima, 100%-os földimogyoróvaj;A zabot főzd puhára, a banánt törd bele. A mogyoróvajat külön kevés meleg vízzel hígítsd, majd keverd a kásához.;Energia, fehérje és földimogyoró-allergén biztonságos állagban.;zab, földimogyoró;földimogyoró;"földimogyoró; glutén";banán;nincs;nincs;"Krémes, nem ragadós; előtöltött kanálról is adható.";Egész vagy darabos mogyorót tilos adni. Súlyos ekcéma, ismert allergia vagy korábbi reakció esetén előzetes orvosi egyeztetés szükséges.;"A családi adagba fahéj és több gyümölcs kerülhet; hozzáadott cukor nem szükséges.";nem;nem;"allergén; földimogyoró; reggeli; gyors";"NIAID_PEANUT_2017;LEAP_2015;WHO_RF_REVIEW";"https://pmc.ncbi.nlm.nih.gov/articles/PMC5217645/;https://pubmed.ncbi.nlm.nih.gov/25705822/;https://cdn.who.int/media/docs/default-source/nutrition-and-food-safety/complementary-feeding/cf-guidelines/systematic-review-responsive-feeding.pdf?sfvrsn=2a46329d_3"
R010;Avokádós tojáskrém puha kenyércsíkkal;6–8 hó;7;reggeli/uzsonna;krém + puha falat;vegetáriánus;8;10;1 keményre főtt tojás | 1/2 érett avokádó | kevés natúr joghurt vagy víz | puha, alacsony sótartalmú kenyér;A tojást és avokádót törd teljesen simára, szükség szerint hígítsd. Vékonyan kend puha, ujjnyi kenyércsíkra vagy kínáld kanálról.;Fehérje, vas, kolin és energiadús zsiradék.;tojás;tojás;"tojás; tej opcionálisan; glutén";avokádó;nincs;nincs;"A kenyér legyen puha, ne száraz vagy kemény héjú; a krém ne legyen ragadós.";A tojás teljesen hőkezelt legyen. Kenyérből alacsony sótartalmút válassz, és a falat méretét a gyermek készségéhez igazítsd.;A családnak citrommal, borssal, zöldfűszerrel szendvicskrémként tálalható.;nem;nem;"tojás; önetetés; allergén";"ESPGHAN_CF_2017;WHO_RF_REVIEW;BLISS_PROTOCOL";"https://pubmed.ncbi.nlm.nih.gov/28027215/;https://cdn.who.int/media/docs/default-source/nutrition-and-food-safety/complementary-feeding/cf-guidelines/systematic-review-responsive-feeding.pdf?sfvrsn=2a46329d_3;https://bmcpediatr.biomedcentral.com/articles/10.1186/s12887-015-0466-8"
R011;Puhára főtt brokkolirudak hummusszal;6–8 hó;7;ebéd/uzsonna;finger food + krém;vegán;5;12;2–3 nagy brokkolirózsa hosszú szárral | 2 ek sima, sótlan hummusz;A brokkolit gőzöld annyira puhára, hogy két ujj között könnyen szétnyomható legyen. A hummuszt kevés vízzel lazítsd.;Önetetés, zöldség-expozíció, hüvelyesből származó vas és fehérje.;csicseriborsó, tahini;csicseriborsó;szezám;brokkoli;nincs;nincs;A brokkoli fogantyúként megfogható, a rózsa teljesen puha. Hummusz előtöltött kanálon is adható.;A szár se legyen kemény. A hummusz ne legyen sűrű és tapadós. Mindig stabil ülésben, közvetlen felügyelettel.;Családi köretként citromos-fokhagymás hummusszal és sült zöldségekkel tálalható.;nem;nem;"önálló evés; szezám; zöldség; vasfókusz";"WHO_RF_REVIEW;BLISS_PROTOCOL;CDC_CHOKING;WHO_PLANT_REVIEW";"https://cdn.who.int/media/docs/default-source/nutrition-and-food-safety/complementary-feeding/cf-guidelines/systematic-review-responsive-feeding.pdf?sfvrsn=2a46329d_3;https://bmcpediatr.biomedcentral.com/articles/10.1186/s12887-015-0466-8;https://www.cdc.gov/infant-toddler-nutrition/foods-and-drinks/choking-hazards.html;https://cdn.who.int/media/docs/default-source/nutrition-and-food-safety/complementary-feeding/cf-guidelines/systematic-review-fruits-and-vegetables-and-nuts-pulses-and-seeds.pdf?sfvrsn=39939e59_3"
R012;Almás-fahéjas zabkása;6–8 hó;6;reggeli;kása;vegán;3;10;25 g finom zabpehely | 120 ml víz | 60 g reszelt vagy párolt alma | csipet fahéj;A zabot és almát együtt főzd puhára, a végén kevés fahéjjal ízesítsd. Szükség szerint törd vagy turmixold.;Teljes értékű gabona, gyümölcs és ízváltozatosság hozzáadott cukor nélkül.;zab;zab;glutén;alma;nincs;nincs;"Sűrű, kanalazható; később reszelt alma puha darabjai maradhatnak benne.";"Az alma legyen teljesen puha; nyers, kemény almaszelet ebben a korban fulladásveszélyes.";A családnak diófélék finom őrleményével és joghurttal kiegészíthető.;nem;igen;"reggeli; cukormentes; gyors";"WHO_UNHEALTHY_REVIEW;WHO_RF_REVIEW;CDC_CHOKING";"https://cdn.who.int/media/docs/default-source/nutrition-and-food-safety/complementary-feeding/cf-guidelines/systematic-review-unhealthy-foods-and-beverages.pdf?sfvrsn=d4c4f02d_3;https://cdn.who.int/media/docs/default-source/nutrition-and-food-safety/complementary-feeding/cf-guidelines/systematic-review-responsive-feeding.pdf?sfvrsn=2a46329d_3;https://www.cdc.gov/infant-toddler-nutrition/foods-and-drinks/choking-hazards.html"
R013;Mini marhahúsos paradicsomos rizottó;9–12 hó;9;ebéd/vacsora;puha darabos;mindenevő;10;30;50 g darált marhahús | 35 g rizs | 100 g paradicsompassata hozzáadott só nélkül | 50 g cukkini | 1 tk olaj;A húst süsd át, add hozzá a rizst, passátát és apróra reszelt cukkinit. Kevés vízzel főzd nagyon puhára és szaftosra.;Hemvas, fehérje, energia és zöldség.;marhahús;marhahús;nincs;paradicsom, cukkini;nincs;nincs;A rizs legyen túlfőtt és szaftos, a hús nagyon finom szemcséjű.;Ne legyen száraz vagy morzsálódó. A paradicsompassata hozzáadott só nélküli legyen.;A felnőtt adagba bazsalikom, fokhagyma, parmezán és só kerülhet utólag.;igen;igen;"vasfókusz; családi étel; egytál";"WHO_ASF_REVIEW;WHO_CF_2023;WHO_RF_REVIEW";"https://cdn.who.int/media/docs/default-source/nutrition-and-food-safety/complementary-feeding/cf-guidelines/systematic-review-animal-source-foods.pdf?sfvrsn=de55e4b7_3;https://www.who.int/publications/i/item/9789240081864;https://cdn.who.int/media/docs/default-source/nutrition-and-food-safety/complementary-feeding/cf-guidelines/systematic-review-responsive-feeding.pdf?sfvrsn=2a46329d_3"
R014;Pulykás zöldségfasírt puha rudakban;9–12 hó;9;ebéd/vacsora;puha finger food;mindenevő;12;22;150 g darált pulykahús | 60 g reszelt cukkini | 40 g reszelt sárgarépa | 1 tojás | 25 g zabpehely;Keverd össze, formázz ujjnyi, lapos rudakat, majd 180 °C-on süsd teljesen át úgy, hogy belül puha maradjon.;Fehérje, vas, zöldség és önálló evés gyakorlása.;pulykahús, zab;pulykahús, tojás;"tojás; glutén";cukkini, sárgarépa;nincs;nincs;"Puha, kézzel könnyen szétnyomható; ne legyen kérges vagy száraz.";A hús teljesen süljön át. Kínálás előtt ellenőrizd, hogy a rúd nem kemény és nem morzsálódik száraz darabokra.;A családi adaghoz fűszerek, fokhagyma és joghurtos mártogatós adható.;igen;igen;"finger food; hús; batch; allergén";"WHO_RF_REVIEW;BLISS_PROTOCOL;CDC_CHOKING;WHO_ASF_REVIEW";"https://cdn.who.int/media/docs/default-source/nutrition-and-food-safety/complementary-feeding/cf-guidelines/systematic-review-responsive-feeding.pdf?sfvrsn=2a46329d_3;https://bmcpediatr.biomedcentral.com/articles/10.1186/s12887-015-0466-8;https://www.cdc.gov/infant-toddler-nutrition/foods-and-drinks/choking-hazards.html;https://cdn.who.int/media/docs/default-source/nutrition-and-food-safety/complementary-feeding/cf-guidelines/systematic-review-animal-source-foods.pdf?sfvrsn=de55e4b7_3"
R015;Lazacos krumplipogácsa;9–12 hó;9;ebéd/vacsora;puha finger food;mindenevő;12;20;120 g főtt burgonya | 70 g átsült, szálkamentes lazac | 1 tojás | 20 g finom zabpehely | kapor opcionálisan;Törd össze a burgonyát, keverd hozzá a lazacot, tojást és zabot. Formázz lapos pogácsákat, süsd 180 °C-on puhára.;Omega-3, fehérje, vas és energiadús családi étel.;lazac, zab;lazac, tojás;"hal; tojás; glutén";burgonya;nincs;nincs;"Belül legyen puha, kívül csak enyhén szilárd; csíkokra vágva könnyebb megfogni.";A lazac szálkamentességét kézzel is ellenőrizd. Ne süsd szárazra.;A családnak salátával vagy joghurtos-kapros szósszal tálalható.;igen;igen;"hal; omega-3; finger food; fagyasztható";"WHO_ASF_REVIEW;BLISS_PROTOCOL;CDC_CHOKING";"https://cdn.who.int/media/docs/default-source/nutrition-and-food-safety/complementary-feeding/cf-guidelines/systematic-review-animal-source-foods.pdf?sfvrsn=de55e4b7_3;https://bmcpediatr.biomedcentral.com/articles/10.1186/s12887-015-0466-8;https://www.cdc.gov/infant-toddler-nutrition/foods-and-drinks/choking-hazards.html"
R016;Vöröslencsés paradicsomos aprótészta;9–12 hó;9;ebéd/vacsora;puha darabos;vegán;8;25;40 g vöröslencse | 40 g apró tészta | 120 g sótlan paradicsompassata | 50 g reszelt sárgarépa | 1 tk olaj;A lencsét és zöldséget főzd puhára a passátában. Külön főzd túl puhára a tésztát, majd keverd össze.;Növényi vas, fehérje, gabona és zöldség egytálban.;vöröslencse;vöröslencse;glutén;paradicsom, sárgarépa;nincs;nincs;A tészta legyen nagyon puha, kis méretű és szaftos.;"Hosszú tésztát vágj rövidre; ne legyen száraz, összetapadt csomó.";A családnak olasz fűszerekkel, fokhagymával és sajttal egészíthető ki.;igen;igen;"vegán; vasfókusz; családi étel";"WHO_PLANT_REVIEW;WHO_CF_2023;WHO_RF_REVIEW";"https://cdn.who.int/media/docs/default-source/nutrition-and-food-safety/complementary-feeding/cf-guidelines/systematic-review-fruits-and-vegetables-and-nuts-pulses-and-seeds.pdf?sfvrsn=39939e59_3;https://www.who.int/publications/i/item/9789240081864;https://cdn.who.int/media/docs/default-source/nutrition-and-food-safety/complementary-feeding/cf-guidelines/systematic-review-responsive-feeding.pdf?sfvrsn=2a46329d_3"
R017;Tojásos zöldségmuffin;9–12 hó;9;reggeli/ebéd;puha finger food;vegetáriánus;10;18;2 tojás | 50 g reszelt cukkini | 30 g apróra vágott spenót | 2 ek natúr joghurt | 20 g zabpehely;Keverd össze, oszd mini muffinformába, és 175 °C-on süsd teljesen át. Hűlés után csíkokra vagy negyedekre vágd.;Tojásfehérje, vas, kolin és zöldség.;tojás, spenót, zab;tojás, joghurt;"tojás; tej; glutén";cukkini, spenót;nincs;nincs;Puha, nedves belsejű, könnyen morzsolható, de nem száraz.;A tojás teljesen süljön át. A zöldségdarabok legyenek aprók és puhák.;Felnőtteknek feta, bors, zöldfűszer és több sajt adható.;igen;igen;"tojás; finger food; batch; reggeli";"WHO_ASF_REVIEW;WHO_RF_REVIEW;BLISS_PROTOCOL";"https://cdn.who.int/media/docs/default-source/nutrition-and-food-safety/complementary-feeding/cf-guidelines/systematic-review-animal-source-foods.pdf?sfvrsn=de55e4b7_3;https://cdn.who.int/media/docs/default-source/nutrition-and-food-safety/complementary-feeding/cf-guidelines/systematic-review-responsive-feeding.pdf?sfvrsn=2a46329d_3;https://bmcpediatr.biomedcentral.com/articles/10.1186/s12887-015-0466-8"
R018;Csicseriborsós édesburgonya-lepény;9–12 hó;9;ebéd/uzsonna;puha finger food;vegán;10;20;150 g főtt édesburgonya | 100 g főtt csicseriborsó | 25 g zabpehely | 1 tk olaj | csipet őrölt kömény opcionálisan;Törd össze, formázz lapos korongokat, és 180 °C-on süsd puhára. Szükség esetén kevés vízzel lazítsd a masszát.;Növényi fehérje, vas, rost és energia.;csicseriborsó, zab;csicseriborsó;glutén;édesburgonya;nincs;nincs;A korong legyen puha és nedves, két ujjal könnyen szétnyomható.;Ne süsd kérgesre vagy szárazra. Kisebb falatokra törd a gyermek készségéhez igazítva.;A családnak tahinis-joghurtos vagy paradicsomos mártogatóssal tálalható.;igen;igen;"vegán; vasfókusz; finger food; fagyasztható";"WHO_PLANT_REVIEW;WHO_RF_REVIEW;CDC_CHOKING";"https://cdn.who.int/media/docs/default-source/nutrition-and-food-safety/complementary-feeding/cf-guidelines/systematic-review-fruits-and-vegetables-and-nuts-pulses-and-seeds.pdf?sfvrsn=39939e59_3;https://cdn.who.int/media/docs/default-source/nutrition-and-food-safety/complementary-feeding/cf-guidelines/systematic-review-responsive-feeding.pdf?sfvrsn=2a46329d_3;https://www.cdc.gov/infant-toddler-nutrition/foods-and-drinks/choking-hazards.html"
R019;Zabos túrópalacsinta;9–12 hó;9;reggeli/uzsonna;puha finger food;vegetáriánus;5;12;100 g túró | 1 tojás | 40 g zabpehelyliszt | 50 g reszelt körte vagy alma | kevés víz;Keverd sűrű masszává, kis lapos palacsintákat süss alacsony hőfokon mindkét oldalon teljesen át.;Fehérje, kalcium, tojás és teljes értékű gabona hozzáadott cukor nélkül.;tojás, zab;túró, tojás;"tej; tojás; glutén";körte vagy alma;nincs;nincs;"Puha, nem gumis; hosszú csíkokra vagy kis darabokra vágható.";A belseje süljön át. Ne adj keményre pirult, száraz széleket.;A családnak joghurttal, gyümölccsel és fahéjjal tálalható.;igen;igen;"cukormentes; reggeli; finger food";"WHO_UNHEALTHY_REVIEW;WHO_RF_REVIEW;WHO_ASF_REVIEW";"https://cdn.who.int/media/docs/default-source/nutrition-and-food-safety/complementary-feeding/cf-guidelines/systematic-review-unhealthy-foods-and-beverages.pdf?sfvrsn=d4c4f02d_3;https://cdn.who.int/media/docs/default-source/nutrition-and-food-safety/complementary-feeding/cf-guidelines/systematic-review-responsive-feeding.pdf?sfvrsn=2a46329d_3;https://cdn.who.int/media/docs/default-source/nutrition-and-food-safety/complementary-feeding/cf-guidelines/systematic-review-animal-source-foods.pdf?sfvrsn=de55e4b7_3"
R020;Puhára sült körte zabos morzsával;9–12 hó;9;uzsonna;puha darabos;vegetáriánus;5;18;1 érett körte | 20 g zabpehely | 1 tk vaj vagy olaj | 2 ek natúr joghurt;"A körtét hámozd és aprítsd, süsd teljesen puhára. A zabot kevés zsiradékkal csak puhára pirítsd, ne keményre; joghurttal tálald.";"Gyümölcs, gabona, tejtermék; desszertélmény hozzáadott cukor nélkül.";zab;joghurt;"tej; glutén";körte;nincs;nincs;"A körte villával könnyen szétnyomható legyen; a zab ne legyen ropogós, kemény.";A körtemagot távolítsd el. Kemény morzsát vagy egész magvakat ne adj.;A családnak dióőrleménnyel és több fűszerrel készülhet.;nem;nem;"cukormentes; gyümölcs; uzsonna";"WHO_UNHEALTHY_REVIEW;CDC_CHOKING;WHO_RF_REVIEW";"https://cdn.who.int/media/docs/default-source/nutrition-and-food-safety/complementary-feeding/cf-guidelines/systematic-review-unhealthy-foods-and-beverages.pdf?sfvrsn=d4c4f02d_3;https://www.cdc.gov/infant-toddler-nutrition/foods-and-drinks/choking-hazards.html;https://cdn.who.int/media/docs/default-source/nutrition-and-food-safety/complementary-feeding/cf-guidelines/systematic-review-responsive-feeding.pdf?sfvrsn=2a46329d_3"
R021;Csirkés kuszkusz puha zöldségekkel;9–12 hó;9;ebéd/vacsora;puha darabos;mindenevő;10;20;50 g finomra vágott csirkecombfilé | 35 g kuszkusz | 50 g cukkini | 40 g sárgarépa | 1 tk olaj | víz;A csirkét és zöldségeket főzd teljesen puhára. A kuszkuszt áztasd meg, majd keverd a szaftos raguhoz.;Fehérje, vas, gabona és zöldség.;csirkehús;csirkehús;glutén;cukkini, sárgarépa;nincs;nincs;"A kuszkusz legyen nedves és a hús nagyon apró; szükség szerint villával törd.";A hús ne legyen száraz vagy rostos. A kuszkuszt ne kínáld száraz szemcsékben.;A családnak citromos-fűszeres közel-keleti egytálételként készíthető.;igen;igen;"családi étel; hús; gyors";"WHO_ASF_REVIEW;WHO_CF_2023;WHO_RF_REVIEW";"https://cdn.who.int/media/docs/default-source/nutrition-and-food-safety/complementary-feeding/cf-guidelines/systematic-review-animal-source-foods.pdf?sfvrsn=de55e4b7_3;https://www.who.int/publications/i/item/9789240081864;https://cdn.who.int/media/docs/default-source/nutrition-and-food-safety/complementary-feeding/cf-guidelines/systematic-review-responsive-feeding.pdf?sfvrsn=2a46329d_3"
R022;Brokkolis omlettcsíkok;9–12 hó;9;reggeli/ebéd;puha finger food;vegetáriánus;5;10;1 tojás | 40 g puhára párolt, finomra vágott brokkoli | 1 ek víz vagy joghurt;Keverd össze, kis serpenyőben alacsony hőfokon süsd át mindkét oldalán, majd vágd ujjnyi csíkokra.;Tojásfehérje, vas, kolin és zöldség.;tojás;tojás;"tojás; tej opcionálisan";brokkoli;nincs;nincs;"Puha, hajlítható csíkok; ne legyen gumis vagy kiszáradt.";A tojás teljesen süljön át. A brokkolidarabok legyenek kicsik és puhák.;A családnak sajttal, borssal és salátával tálalható.;nem;nem;"tojás; finger food; gyors";"WHO_ASF_REVIEW;WHO_RF_REVIEW;BLISS_PROTOCOL";"https://cdn.who.int/media/docs/default-source/nutrition-and-food-safety/complementary-feeding/cf-guidelines/systematic-review-animal-source-foods.pdf?sfvrsn=de55e4b7_3;https://cdn.who.int/media/docs/default-source/nutrition-and-food-safety/complementary-feeding/cf-guidelines/systematic-review-responsive-feeding.pdf?sfvrsn=2a46329d_3;https://bmcpediatr.biomedcentral.com/articles/10.1186/s12887-015-0466-8"
R023;Babos avokádókrém puha tortillával;9–12 hó;10;ebéd/uzsonna;krém + puha falat;vegán;7;5;80 g főtt fekete- vagy vörösbab | 1/2 avokádó | néhány csepp lime | puha, alacsony sótartalmú tortilla;A babot és avokádót törd simára. Vékonyan kend puha tortillacsíkra, vagy előtöltött kanálon kínáld.;Növényi vas, fehérje, energia és önálló evés.;bab;bab;glutén;avokádó;nincs;nincs;"A krém legyen nedves, a tortilla puha és vékony; ne legyen rágós vagy száraz.";A babhéjat törd szét. Tortillából ne adj nagy, összegyűrődő vagy kemény darabot.;A családnak paradicsommal, korianderrel és fűszerekkel quesadilla/taco alap.;nem;nem;"vegán; vasfókusz; gyors; családi étel";"WHO_PLANT_REVIEW;WHO_RF_REVIEW;CDC_CHOKING";"https://cdn.who.int/media/docs/default-source/nutrition-and-food-safety/complementary-feeding/cf-guidelines/systematic-review-fruits-and-vegetables-and-nuts-pulses-and-seeds.pdf?sfvrsn=39939e59_3;https://cdn.who.int/media/docs/default-source/nutrition-and-food-safety/complementary-feeding/cf-guidelines/systematic-review-responsive-feeding.pdf?sfvrsn=2a46329d_3;https://www.cdc.gov/infant-toddler-nutrition/foods-and-drinks/choking-hazards.html"
R024;Sütőtökös kölesgolyó;9–12 hó;10;ebéd/uzsonna;puha finger food;vegán;10;20;120 g főtt köles | 100 g sült sütőtök | 20 g zabpehely | 1 tk olaj;Keverd össze, formázz lapos ovális falatokat, és röviden süsd össze 180 °C-on. Ne pirítsd keményre.;Gabonaféle, zöldség, energia és kéz-száj koordináció.;köles, zab;köles;glutén;sütőtök;nincs;nincs;"Puha, nedves, kézzel szétnyomható; inkább lapos, mint gömb alakú.";"A valódi gömbforma könnyebben elcsúszhat; lapos falatként add. Ne legyen száraz vagy kemény héjú.";A családnak fűszeres zöldségfasírtként, joghurtos szósszal tálalható.;igen;igen;"finger food; vegán; batch";"WHO_RF_REVIEW;CDC_CHOKING;WHO_PLANT_REVIEW";"https://cdn.who.int/media/docs/default-source/nutrition-and-food-safety/complementary-feeding/cf-guidelines/systematic-review-responsive-feeding.pdf?sfvrsn=2a46329d_3;https://www.cdc.gov/infant-toddler-nutrition/foods-and-drinks/choking-hazards.html;https://cdn.who.int/media/docs/default-source/nutrition-and-food-safety/complementary-feeding/cf-guidelines/systematic-review-fruits-and-vegetables-and-nuts-pulses-and-seeds.pdf?sfvrsn=39939e59_3"
R025;Vöröslencsés bolognai;12–24 hó;12;ebéd/vacsora;családi étel;vegán;10;28;80 g vöröslencse | 250 g paradicsompassata hozzáadott só nélkül | 1 sárgarépa | 1/2 cukkini | 1 tk olaj | tészta;A zöldségeket reszeld le, olajon röviden párold, majd lencsével és passátával főzd puhára. Puha tésztával tálald.;Növényi vas, fehérje, rost és családi egytálétel.;vöröslencse;vöröslencse;glutén;paradicsom, sárgarépa, cukkini;nincs;nincs;A szósz legyen szaftos, a tészta életkornak megfelelő méretű és puha.;A hosszú tésztát vágd rövidebbre. A szósz ne legyen túl csípős vagy sós.;A felnőtt adaghoz parmezán, fokhagyma, chili és só kerülhet utólag.;igen;igen;"vegán; vasfókusz; családi étel; fagyasztható";"WHO_PLANT_REVIEW;WHO_CF_2023;FAMILY_MEALS_META";"https://cdn.who.int/media/docs/default-source/nutrition-and-food-safety/complementary-feeding/cf-guidelines/systematic-review-fruits-and-vegetables-and-nuts-pulses-and-seeds.pdf?sfvrsn=39939e59_3;https://www.who.int/publications/i/item/9789240081864;https://pubmed.ncbi.nlm.nih.gov/29369410/"
R026;Marhahúsos-zöldséges ragu puliszkával;12–24 hó;12;ebéd/vacsora;családi étel;mindenevő;12;40;180 g sovány marhahús apró kockákban vagy darálva | 1 sárgarépa | 1/2 cukkini | 200 g paradicsom | 50 g kukoricadara | olaj;A húst és zöldségeket főzd egészen puhára, szaftos raguvá. A puliszkát vízzel főzd krémesre.;Hemvas, fehérje, zöldség és könnyen alakítható textúra.;marhahús;marhahús;nincs;sárgarépa, cukkini, paradicsom;nincs;nincs;"A hús legyen omlós vagy finomra darált; a puliszka lágy, nem gumis.";Kemény húsdarab ne maradjon. A puliszka hűlés után megkeményedik, ezért frissen, puhán tálald.;A családnak fűszeres marharagu és sajtos puliszka készülhet, a gyermek adagja előbb kerüljön ki.;igen;igen;"vasfókusz; hús; családi étel";"WHO_ASF_REVIEW;WHO_CF_2023;FAMILY_MEALS_META";"https://cdn.who.int/media/docs/default-source/nutrition-and-food-safety/complementary-feeding/cf-guidelines/systematic-review-animal-source-foods.pdf?sfvrsn=de55e4b7_3;https://www.who.int/publications/i/item/9789240081864;https://pubmed.ncbi.nlm.nih.gov/29369410/"
R027;Csirkés bulgur egytál;12–24 hó;12;ebéd/vacsora;családi étel;mindenevő;10;25;150 g csirkecombfilé | 80 g bulgur | 1 cukkini | 1 sárgarépa | 1 tk olaj | víz;A csirkét és zöldséget aprítsd, párold, majd a bulgurral együtt főzd puhára és szaftosra.;Fehérje, vas, teljes értékű gabona és zöldség.;csirkehús, bulgur;csirkehús;glutén;cukkini, sárgarépa;nincs;nincs;A bulgur legyen puha, a csirkedarabok kicsik és omlósak.;Ne legyen száraz vagy szemcsés. A húst teljesen süsd/főzd át.;A családnak mediterrán fűszerekkel, citrommal és joghurtos szósszal tálalható.;igen;igen;"családi étel; batch; hús";"WHO_ASF_REVIEW;WHO_RF_REVIEW;FAMILY_MEALS_META";"https://cdn.who.int/media/docs/default-source/nutrition-and-food-safety/complementary-feeding/cf-guidelines/systematic-review-animal-source-foods.pdf?sfvrsn=de55e4b7_3;https://cdn.who.int/media/docs/default-source/nutrition-and-food-safety/complementary-feeding/cf-guidelines/systematic-review-responsive-feeding.pdf?sfvrsn=2a46329d_3;https://pubmed.ncbi.nlm.nih.gov/29369410/"
R028;Lazacos joghurtos tészta borsóval;12–24 hó;12;ebéd/vacsora;családi étel;mindenevő;10;18;80 g lazac | 80 g tészta | 80 g zöldborsó | 3 ek natúr joghurt | kapor opcionálisan;A tésztát és borsót főzd puhára. A lazacot süsd át és szálkázd ki, majd joghurttal keverd össze.;Omega-3, fehérje, vas és zöldség.;lazac, borsó;lazac, joghurt;"hal; tej; glutén";zöldborsó;nincs;nincs;A tészta legyen puha, a borsót szükség szerint törd meg.;"A hal szálkamentes legyen. A joghurtot ne forrald hosszan; csak pasztőrözött terméket használj.";A felnőtt adaghoz citrom, fokhagyma, parmezán és bors kerülhet.;nem;igen;"hal; omega-3; családi étel";"WHO_ASF_REVIEW;FAMILY_MEALS_META;WHO_RF_REVIEW";"https://cdn.who.int/media/docs/default-source/nutrition-and-food-safety/complementary-feeding/cf-guidelines/systematic-review-animal-source-foods.pdf?sfvrsn=de55e4b7_3;https://pubmed.ncbi.nlm.nih.gov/29369410/;https://cdn.who.int/media/docs/default-source/nutrition-and-food-safety/complementary-feeding/cf-guidelines/systematic-review-responsive-feeding.pdf?sfvrsn=2a46329d_3"
R029;Spenótos-ricottás puha galuska;12–24 hó;12;ebéd/vacsora;puha falatok;vegetáriánus;15;12;150 g ricotta vagy túró | 1 tojás | 60 g párolt, finomra vágott spenót | 60 g liszt;Keverd össze, kiskanállal szaggasd gyöngyöző vízbe, és főzd ki. Natúr paradicsomszósszal tálald.;Fehérje, kalcium, tojás, spenótból vas és családi étel.;spenót, tojás;ricotta/túró, tojás;"tej; tojás; glutén";spenót, paradicsom;nincs;nincs;"A galuska legyen puha, kis méretű; szükség szerint vágd félbe.";A belseje főjön át. Nagy, rágós vagy gumis gombócokat ne adj.;A családnak zsályás vajjal vagy fokhagymás paradicsomszósszal tálalható.;igen;igen;"vegetáriánus; családi étel; vasfókusz";"WHO_ASF_REVIEW;WHO_RF_REVIEW;FAMILY_MEALS_META";"https://cdn.who.int/media/docs/default-source/nutrition-and-food-safety/complementary-feeding/cf-guidelines/systematic-review-animal-source-foods.pdf?sfvrsn=de55e4b7_3;https://cdn.who.int/media/docs/default-source/nutrition-and-food-safety/complementary-feeding/cf-guidelines/systematic-review-responsive-feeding.pdf?sfvrsn=2a46329d_3;https://pubmed.ncbi.nlm.nih.gov/29369410/"
R030;Cukkinis zabfasírt;12–24 hó;12;ebéd/uzsonna;puha finger food;vegetáriánus;12;20;1 közepes cukkini reszelve | 1 tojás | 60 g zabpehely | 2 ek natúr joghurt | 1 tk olaj;A cukkinit enyhén nyomkodd ki, keverd össze, formázz lapos fasírtokat, és süsd puhára.;Zöldség, tojás, gabona és könnyű kézbe vehető étel.;tojás, zab;tojás, joghurt;"tojás; tej; glutén";cukkini;nincs;nincs;Belül nedves és puha, kívül ne legyen kemény kéreg.;Ne süsd szárazra. Nagy, vastag fasírt helyett lapos korongot készíts.;A családi adaghoz feta, fokhagyma és fűszerek adhatók.;igen;igen;"finger food; zöldség; batch";"WHO_RF_REVIEW;WHO_UNHEALTHY_REVIEW;FAMILY_MEALS_META";"https://cdn.who.int/media/docs/default-source/nutrition-and-food-safety/complementary-feeding/cf-guidelines/systematic-review-responsive-feeding.pdf?sfvrsn=2a46329d_3;https://cdn.who.int/media/docs/default-source/nutrition-and-food-safety/complementary-feeding/cf-guidelines/systematic-review-unhealthy-foods-and-beverages.pdf?sfvrsn=d4c4f02d_3;https://pubmed.ncbi.nlm.nih.gov/29369410/"
R031;Zöldborsós tojásos rizs;12–24 hó;12;ebéd/vacsora;puha darabos;vegetáriánus;8;18;80 g főtt rizs | 1 tojás | 80 g zöldborsó | 50 g reszelt sárgarépa | 1 tk olaj;A zöldségeket párold puhára, add hozzá a rizst és a felvert tojást, majd süsd át teljesen szaftosan.;Tojás, borsóból növényi fehérje és vas, zöldség.;tojás, borsó;tojás, borsó;tojás;zöldborsó, sárgarépa;nincs;nincs;"A borsót 12–18 hónapos korban szükség szerint törd meg; a rizs ne legyen száraz.";A tojás teljesen süljön át. Egész, kemény borsószemet csak akkor adj, ha puha és a gyermek jól kezeli.;A felnőtt adaghoz szójaszósz csak utólag, külön tányéron kerüljön.;igen;igen;"tojás; gyors; családi étel";"WHO_ASF_REVIEW;WHO_RF_REVIEW;CDC_CHOKING";"https://cdn.who.int/media/docs/default-source/nutrition-and-food-safety/complementary-feeding/cf-guidelines/systematic-review-animal-source-foods.pdf?sfvrsn=de55e4b7_3;https://cdn.who.int/media/docs/default-source/nutrition-and-food-safety/complementary-feeding/cf-guidelines/systematic-review-responsive-feeding.pdf?sfvrsn=2a46329d_3;https://www.cdc.gov/infant-toddler-nutrition/foods-and-drinks/choking-hazards.html"
R032;Lencsés pásztorpite;12–24 hó;12;ebéd/vacsora;családi étel;vegetáriánus;15;35;150 g főtt barna lencse | 1 sárgarépa | 1/2 cukkini | 150 g paradicsom | 250 g burgonya | 1 tk olaj;A lencsét és zöldségeket főzd szaftos raguvá. Tedd sütőtálba, fedd krémes burgonyapürével, röviden süsd össze.;Növényi vas, fehérje, zöldség és családi egytál.;lencse;lencse;tej opcionálisan;sárgarépa, cukkini, paradicsom, burgonya;nincs;nincs;"A lencseragu legyen puha, a püré krémes; ne süsd kemény kéregre.";"A kész étel forró lehet a belsejében; tálalás előtt alaposan hűtsd és keverd át.";A családi adaghoz fűszernövény, sajt és só adható a gyermek részének kivétele után.;igen;igen;"vasfókusz; vegetáriánus; fagyasztható; családi étel";"WHO_PLANT_REVIEW;WHO_CF_2023;FAMILY_MEALS_META";"https://cdn.who.int/media/docs/default-source/nutrition-and-food-safety/complementary-feeding/cf-guidelines/systematic-review-fruits-and-vegetables-and-nuts-pulses-and-seeds.pdf?sfvrsn=39939e59_3;https://www.who.int/publications/i/item/9789240081864;https://pubmed.ncbi.nlm.nih.gov/29369410/"
R033;Túró-zab gofri cukor nélkül;12–24 hó;12;reggeli/uzsonna;puha családi étel;vegetáriánus;8;15;150 g túró | 1 tojás | 80 g zabpehelyliszt | 1 érett banán | 80 ml víz vagy tej;"Turmixold vagy keverd simára, gofrisütőben süsd át. Ne süsd túl ropogósra; csíkokra vágva tálald.";Fehérje, gabona és gyümölcs hozzáadott cukor nélkül.;tojás, zab;túró, tojás;"tej; tojás; glutén";banán;nincs;nincs;Puha, nem száraz és nem kemény szélű.;A gofri belseje süljön át. Kemény, ropogós részeket vágd le kisebb gyermeknél.;A családnak friss gyümölccsel, joghurttal és magkrémmel tálalható.;igen;igen;"cukormentes; reggeli; batch; családi étel";"WHO_UNHEALTHY_REVIEW;WHO_RF_REVIEW;FAMILY_MEALS_META";"https://cdn.who.int/media/docs/default-source/nutrition-and-food-safety/complementary-feeding/cf-guidelines/systematic-review-unhealthy-foods-and-beverages.pdf?sfvrsn=d4c4f02d_3;https://cdn.who.int/media/docs/default-source/nutrition-and-food-safety/complementary-feeding/cf-guidelines/systematic-review-responsive-feeding.pdf?sfvrsn=2a46329d_3;https://pubmed.ncbi.nlm.nih.gov/29369410/"
R034;Meggyes túrós süti hozzáadott cukor nélkül;12–24 hó;12;uzsonna;puha sütemény;vegetáriánus;12;30;250 g túró | 2 tojás | 80 g zabpehelyliszt | 1 érett banán | 150 g magozott meggy | 2 ek joghurt;Keverd össze a túrót, tojást, zabot, banánt és joghurtot. Forgasd bele a magozott meggyet, majd 175 °C-on süsd át.;"Fehérje, gyümölcs, gabona; családi sütemény hozzáadott cukor nélkül.";tojás, zab;túró, tojás;"tej; tojás; glutén";meggy, banán;nincs;nincs;"Puha, szaftos kockákra vágd; ne legyen száraz vagy morzsálódó.";A meggymagokat gondosan távolítsd el. A sütemény közepe süljön át, majd teljesen hűljön ki.;"A családnak vaníliával és citromhéjjal ízesíthető; porcukor nem szükséges.";igen;igen;"cukormentes; túró; meggy; batch";"WHO_UNHEALTHY_REVIEW;WHO_RF_REVIEW;FAMILY_MEALS_META";"https://cdn.who.int/media/docs/default-source/nutrition-and-food-safety/complementary-feeding/cf-guidelines/systematic-review-unhealthy-foods-and-beverages.pdf?sfvrsn=d4c4f02d_3;https://cdn.who.int/media/docs/default-source/nutrition-and-food-safety/complementary-feeding/cf-guidelines/systematic-review-responsive-feeding.pdf?sfvrsn=2a46329d_3;https://pubmed.ncbi.nlm.nih.gov/29369410/"
R035;Banános zabmuffin;12–24 hó;12;reggeli/uzsonna;puha sütemény;vegetáriánus;8;22;2 érett banán | 2 tojás | 120 g zabpehelyliszt | 100 g natúr joghurt | 1 tk sütőpor;Keverd össze, mini muffinformában 175 °C-on süsd át. Hűlés után félbe vagy csíkokra vágva kínáld.;Tojás, gabona és gyümölcs hozzáadott cukor nélkül.;tojás, zab;tojás, joghurt;"tojás; tej; glutén";banán;nincs;nincs;"Puha és nedves; ne legyen nagy, száraz morzsa.";A sütőpor nátriumot tartalmazhat, ezért ne használj túl sokat. A muffin belseje süljön át.;A családi adaghoz áfonya, fahéj vagy dióőrlemény adható.;igen;igen;"cukormentes; batch; uzsonna";"WHO_UNHEALTHY_REVIEW;WHO_RF_REVIEW";"https://cdn.who.int/media/docs/default-source/nutrition-and-food-safety/complementary-feeding/cf-guidelines/systematic-review-unhealthy-foods-and-beverages.pdf?sfvrsn=d4c4f02d_3;https://cdn.who.int/media/docs/default-source/nutrition-and-food-safety/complementary-feeding/cf-guidelines/systematic-review-responsive-feeding.pdf?sfvrsn=2a46329d_3"
R036;Sárgarépás hummusz szendvics;12–24 hó;12;reggeli/uzsonna;puha családi étel;vegán;8;10;100 g főtt csicseriborsó | 70 g puhára főtt sárgarépa | 1 tk tahini | citromlé | puha, alacsony sótartalmú kenyér;Turmixold krémesre és vékonyan kend puha kenyérre. Kis háromszögekre vagy csíkokra vágd.;Növényi vas, fehérje, zöldség és szezám.;csicseriborsó, tahini;csicseriborsó;"szezám; glutén";sárgarépa;nincs;nincs;A krém legyen lágy, a kenyér ne legyen száraz vagy kemény héjú.;A tahinit hígítva használd. Magas sótartalmú kenyérből csak keveset adj.;A családnak salátával, uborkával és fűszerekkel teljes szendvics készülhet.;igen;igen;"vegán; vasfókusz; szendvics; gyors";"WHO_PLANT_REVIEW;WHO_RF_REVIEW;WHO_UNHEALTHY_REVIEW";"https://cdn.who.int/media/docs/default-source/nutrition-and-food-safety/complementary-feeding/cf-guidelines/systematic-review-fruits-and-vegetables-and-nuts-pulses-and-seeds.pdf?sfvrsn=39939e59_3;https://cdn.who.int/media/docs/default-source/nutrition-and-food-safety/complementary-feeding/cf-guidelines/systematic-review-responsive-feeding.pdf?sfvrsn=2a46329d_3;https://cdn.who.int/media/docs/default-source/nutrition-and-food-safety/complementary-feeding/cf-guidelines/systematic-review-unhealthy-foods-and-beverages.pdf?sfvrsn=d4c4f02d_3"
R037;Brokkolis-sajtos quinoa falatok;12–24 hó;12;ebéd/uzsonna;puha finger food;vegetáriánus;12;22;150 g főtt quinoa | 80 g párolt, aprított brokkoli | 1 tojás | 40 g reszelt, alacsonyabb sótartalmú sajt;Keverd össze, formázz lapos falatokat, és süsd össze. Ne pirítsd keményre.;Fehérje, tojás, zöldség és változatos gabona/álgabona.;quinoa, tojás;tojás, sajt;"tojás; tej";brokkoli;nincs;nincs;"Lapos, puha, nedves falatok; ne legyen gumis vagy kérges.";A sajt sótartalma miatt kis mennyiséget használj. A brokkoli legyen teljesen puha.;A családnak mártogatóssal, salátával vagy köretként tálalható.;igen;igen;"finger food; zöldség; batch";"WHO_RF_REVIEW;WHO_UNHEALTHY_REVIEW;FAMILY_MEALS_META";"https://cdn.who.int/media/docs/default-source/nutrition-and-food-safety/complementary-feeding/cf-guidelines/systematic-review-responsive-feeding.pdf?sfvrsn=2a46329d_3;https://cdn.who.int/media/docs/default-source/nutrition-and-food-safety/complementary-feeding/cf-guidelines/systematic-review-unhealthy-foods-and-beverages.pdf?sfvrsn=d4c4f02d_3;https://pubmed.ncbi.nlm.nih.gov/29369410/"
R038;Tökfőzelék puha húsgombóccal;12–24 hó;12;ebéd/vacsora;családi étel;mindenevő;15;30;300 g gyalult tök vagy cukkini | 2 ek natúr joghurt | kapor | 180 g darált pulyka | 1 tojás | 20 g zab;A tököt főzd puhára, joghurttal sűrítsd. A húsgombóc hozzávalóit keverd, formázz kicsi, lapos gombócokat és főzd/süsd át.;Fehérje, vas, zöldség és magyaros családi étel könnyített formában.;pulykahús, zab;pulykahús, tojás, joghurt;"tej; tojás; glutén";tök/cukkini;nincs;nincs;"A húsgombóc legyen puha és szükség szerint félbevágott; a főzelék ne legyen túl sűrű.";A gombóc teljesen süljön/főjön át. Ne formázz kemény, kerek, nagy golyókat.;"A családi adag külön sózható és fűszerezhető; ecetet csak a felnőtt tányéron adj.";igen;igen;"családi étel; hús; magyaros";"WHO_ASF_REVIEW;CDC_CHOKING;FAMILY_MEALS_META";"https://cdn.who.int/media/docs/default-source/nutrition-and-food-safety/complementary-feeding/cf-guidelines/systematic-review-animal-source-foods.pdf?sfvrsn=de55e4b7_3;https://www.cdc.gov/infant-toddler-nutrition/foods-and-drinks/choking-hazards.html;https://pubmed.ncbi.nlm.nih.gov/29369410/"
R039;Zöldséges csirkeragu kuszkusszal;2–4 év;24;ebéd/vacsora;családi étel;mindenevő;12;25;250 g csirkecombfilé | 1 cukkini | 1 sárgarépa | 1 paprika | 120 g kuszkusz | olaj | citrom;A csirkét és zöldséget párold puhára. A kuszkuszt készítsd el, majd citrommal és fűszernövényekkel keverd össze.;Fehérje, vas, zöldség és családi közös étel.;csirkehús;csirkehús;glutén;cukkini, sárgarépa, paprika;nincs;nincs;"Kis, puha falatok; a zöldségek ne legyenek roppanósan kemények.";A hús teljesen süljön át. A paprika héját érzékeny gyermeknél távolítsd el.;"Ugyanazt eszi a család; a csípős és erősen sós ízesítés külön, a tányéron történjen.";igen;igen;"családi étel; hús; zöldség";"FAMILY_MEALS_META;WHO_RF_REVIEW;WHO_ASF_REVIEW";"https://pubmed.ncbi.nlm.nih.gov/29369410/;https://cdn.who.int/media/docs/default-source/nutrition-and-food-safety/complementary-feeding/cf-guidelines/systematic-review-responsive-feeding.pdf?sfvrsn=2a46329d_3;https://cdn.who.int/media/docs/default-source/nutrition-and-food-safety/complementary-feeding/cf-guidelines/systematic-review-animal-source-foods.pdf?sfvrsn=de55e4b7_3"
R040;Halas paradicsomos tészta;2–4 év;24;ebéd/vacsora;családi étel;mindenevő;10;20;200 g fehér húsú hal vagy lazac | 250 g paradicsompassata | 160 g tészta | 1 cukkini | olaj;A halat süsd át, szálkázd ki. A cukkinit párold a paradicsomszószban, majd keverd hozzá a halat és a tésztát.;Hal, fehérje, omega-3 a választott halfajtától függően, zöldség.;hal;hal;"hal; glutén";paradicsom, cukkini;nincs;nincs;Kis, puha tésztával és szaftos szósszal tálald.;A szálkákat gondosan ellenőrizd. Nagy haldarab helyett kisebb pelyhekre szedd.;A családnak olívával, kapribogyóval és parmezánnal egészíthető ki külön.;igen;igen;"hal; családi étel; gyors";"WHO_ASF_REVIEW;FAMILY_MEALS_META;WHO_RF_REVIEW";"https://cdn.who.int/media/docs/default-source/nutrition-and-food-safety/complementary-feeding/cf-guidelines/systematic-review-animal-source-foods.pdf?sfvrsn=de55e4b7_3;https://pubmed.ncbi.nlm.nih.gov/29369410/;https://cdn.who.int/media/docs/default-source/nutrition-and-food-safety/complementary-feeding/cf-guidelines/systematic-review-responsive-feeding.pdf?sfvrsn=2a46329d_3"
R041;Enyhe vöröslencsés curry rizzsel;2–4 év;24;ebéd/vacsora;családi étel;vegán;10;28;120 g vöröslencse | 200 ml kókusztej | 200 g paradicsom | 1 sárgarépa | enyhe curry/kurkuma | rizs;A lencsét és zöldséget főzd puhára paradicsommal és kókusztejjel. Enyhe fűszerezéssel, puha rizzsel tálald.;Növényi vas, fehérje, ízváltozatosság és családi étel.;vöröslencse;vöröslencse;nincs;paradicsom, sárgarépa;nincs;nincs;"Szaftos, puha állag; ne legyen száraz vagy túl csípős.";A csípős fűszereket kerüld. Kókusztejből hozzáadott cukor nélküli változatot válassz.;A felnőtt adag külön csípősíthető, korianderrel és lime-mal tálalható.;igen;igen;"vegán; vasfókusz; családi étel; ízváltozatosság";"WHO_PLANT_REVIEW;WHO_RF_REVIEW;WILSON_FIRST_BITE";"https://cdn.who.int/media/docs/default-source/nutrition-and-food-safety/complementary-feeding/cf-guidelines/systematic-review-fruits-and-vegetables-and-nuts-pulses-and-seeds.pdf?sfvrsn=39939e59_3;https://cdn.who.int/media/docs/default-source/nutrition-and-food-safety/complementary-feeding/cf-guidelines/systematic-review-responsive-feeding.pdf?sfvrsn=2a46329d_3;https://www.basicbooks.com/titles/bee-wilson/first-bite/9780465093984/"
R042;Babos quesadilla puha háromszögekben;2–4 év;24;ebéd/uzsonna;családi finger food;vegetáriánus;10;12;2 puha tortilla | 150 g főtt bab | 60 g reszelt sajt | 1/2 avokádó | paradicsom opcionálisan;A babot törd meg, vékonyan kend a tortillára, szórd sajttal, hajtsd össze és alacsony hőfokon süsd puhára. Kis háromszögekre vágd.;Növényi vas, fehérje, energia és családi kézbe vehető étel.;bab;bab, sajt;"tej; glutén";avokádó, paradicsom;nincs;nincs;A tortilla maradjon puha, ne legyen keményre pirult.;"A babot törd meg; egész, kemény bab ne maradjon. A sajtot a sótartalom miatt mértékkel használd.";A családnak salsa, saláta, csípős szósz és több fűszer adható külön.;igen;igen;"vegetáriánus; vasfókusz; családi étel";"WHO_PLANT_REVIEW;WHO_UNHEALTHY_REVIEW;FAMILY_MEALS_META";"https://cdn.who.int/media/docs/default-source/nutrition-and-food-safety/complementary-feeding/cf-guidelines/systematic-review-fruits-and-vegetables-and-nuts-pulses-and-seeds.pdf?sfvrsn=39939e59_3;https://cdn.who.int/media/docs/default-source/nutrition-and-food-safety/complementary-feeding/cf-guidelines/systematic-review-unhealthy-foods-and-beverages.pdf?sfvrsn=d4c4f02d_3;https://pubmed.ncbi.nlm.nih.gov/29369410/"
R043;Almás-zabos sütőpalacsinta;2–4 év;24;reggeli/uzsonna;puha családi étel;vegetáriánus;10;25;2 alma reszelve | 2 tojás | 140 g zabpehelyliszt | 200 g joghurt | fahéj;Keverd össze, öntsd sütőpapíros kisebb tepsibe, és süsd át. Kockákra vágva tálald.;Tojás, tejtermék, gabona és gyümölcs hozzáadott cukor nélkül.;tojás, zab;tojás, joghurt;"tojás; tej; glutén";alma;nincs;nincs;"Puha, szaftos kockák; ne legyen száraz.";Az alma magházát távolítsd el. A közepe süljön át.;A családnak magkrémmel, joghurttal és friss gyümölccsel tálalható.;igen;igen;"cukormentes; reggeli; batch";"WHO_UNHEALTHY_REVIEW;FAMILY_MEALS_META;ROSE_BROCCOLI";"https://cdn.who.int/media/docs/default-source/nutrition-and-food-safety/complementary-feeding/cf-guidelines/systematic-review-unhealthy-foods-and-beverages.pdf?sfvrsn=d4c4f02d_3;https://pubmed.ncbi.nlm.nih.gov/29369410/;https://dinanarose.com/its-not-about-the-broccoli/"
R044;Céklás hummusz puha pitával;2–4 év;24;uzsonna/vacsora;krém + puha falat;vegán;10;10;150 g főtt csicseriborsó | 100 g főtt cékla | 1 ek tahini | citromlé | puha pita;Turmixold simára. A pitát vágd puha, kis csíkokra, a hummuszt mártogatósként kínáld.;Növényi vas, fehérje, zöldség és színváltozatosság.;csicseriborsó, tahini;csicseriborsó;"szezám; glutén";cékla;nincs;nincs;A hummusz krémes, a pita puha és nem száraz.;"A pitát ne pirítsd keményre. A tahini allergén; ismert allergia esetén hagyd el.";A családnak falafel, saláta és fűszerek mellé tálalható.;igen;igen;"vegán; vasfókusz; mártogatós; szín";"WHO_PLANT_REVIEW;WHO_RF_REVIEW;WILSON_FIRST_BITE";"https://cdn.who.int/media/docs/default-source/nutrition-and-food-safety/complementary-feeding/cf-guidelines/systematic-review-fruits-and-vegetables-and-nuts-pulses-and-seeds.pdf?sfvrsn=39939e59_3;https://cdn.who.int/media/docs/default-source/nutrition-and-food-safety/complementary-feeding/cf-guidelines/systematic-review-responsive-feeding.pdf?sfvrsn=2a46329d_3;https://www.basicbooks.com/titles/bee-wilson/first-bite/9780465093984/"
R045;Mini húsgolyó paradicsomszósszal;2–4 év;24;ebéd/vacsora;családi étel;mindenevő;15;25;250 g darált pulyka vagy marha | 1 tojás | 40 g zab | 300 g paradicsompassata | reszelt cukkini;A húsból lapos, kisméretű húspogácsákat formázz, süsd/főzd át, majd paradicsomszószban párold puhára.;Fehérje, vas és zöldség családi formában.;marha vagy pulyka, zab;hús, tojás;"tojás; glutén";paradicsom, cukkini;nincs;nincs;A „golyó” inkább lapos és puha legyen, szükség szerint félbevágva.;"A teljesen kerek, kemény húsgolyó fulladásveszélyesebb; tálaláskor vágd vagy lapítsd.";A családnak spagettivel, sajttal és több fűszerrel tálalható.;igen;igen;"hús; vasfókusz; családi étel; batch";"WHO_ASF_REVIEW;CDC_CHOKING;FAMILY_MEALS_META";"https://cdn.who.int/media/docs/default-source/nutrition-and-food-safety/complementary-feeding/cf-guidelines/systematic-review-animal-source-foods.pdf?sfvrsn=de55e4b7_3;https://www.cdc.gov/infant-toddler-nutrition/foods-and-drinks/choking-hazards.html;https://pubmed.ncbi.nlm.nih.gov/29369410/"
R046;Zöldséges omletttekercs;4–6 év;48;reggeli/ebéd;családi étel;vegetáriánus;10;12;3 tojás | reszelt cukkini és sárgarépa | 2 ek joghurt | kevés sajt opcionálisan;Vékony omlettet süss, tekerd fel, majd karikákra vagy csíkokra vágd.;Fehérje, tojás, zöldség és bevonható közös főzés.;tojás;tojás, joghurt;"tojás; tej";cukkini, sárgarépa;nincs;nincs;"Puha tekercs; a gyermek segíthet a töltésben és tekerésben.";A tojás teljesen süljön át. Forró serpenyőt csak felnőtt kezeljen.;Közös reggeli: a család külön fűszerezheti és töltheti.;nem;nem;"közös főzés; tojás; zöldség";"FAMILY_MEALS_META;WHO_RF_REVIEW;SATTER_DOR";"https://pubmed.ncbi.nlm.nih.gov/29369410/;https://cdn.who.int/media/docs/default-source/nutrition-and-food-safety/complementary-feeding/cf-guidelines/systematic-review-responsive-feeding.pdf?sfvrsn=2a46329d_3;https://www.ellynsatterinstitute.org/how-to-feed/the-division-of-responsibility-in-feeding/"
R047;Házi halrudacska sütőben;4–6 év;48;ebéd/vacsora;családi finger food;mindenevő;15;20;300 g szálkamentes halfilé | 1 tojás | 60 g finom zabpehely vagy morzsa | olajspray/kevés olaj;A halat csíkokra vágd, tojásba és finom zabba forgasd, majd sütőben teljesen süsd át, de ne szárítsd ki.;Hal, fehérje és házi alternatíva erősen feldolgozott termék helyett.;hal, zab;hal, tojás;"hal; tojás; glutén";nincs;nincs;nincs;"Belül puha, kívül enyhén kérges; kisebb gyermeknek felvágva.";A halat szálkázd ki. A forró belső részt tálalás előtt ellenőrizd.;A családnak sült burgonyával, salátával és joghurtos szósszal tálalható.;igen;igen;"hal; családi étel; házi alternatíva";"WHO_ASF_REVIEW;WHO_UNHEALTHY_REVIEW;FAMILY_MEALS_META";"https://cdn.who.int/media/docs/default-source/nutrition-and-food-safety/complementary-feeding/cf-guidelines/systematic-review-animal-source-foods.pdf?sfvrsn=de55e4b7_3;https://cdn.who.int/media/docs/default-source/nutrition-and-food-safety/complementary-feeding/cf-guidelines/systematic-review-unhealthy-foods-and-beverages.pdf?sfvrsn=d4c4f02d_3;https://pubmed.ncbi.nlm.nih.gov/29369410/"
R048;Lencsés taco-tál;4–6 év;48;ebéd/vacsora;összeállítható családi étel;vegán;15;25;150 g főtt lencse | rizs | kukorica | paradicsom | avokádó | puha tortilla | enyhe fűszerek;A lencsét enyhén fűszerezd, a hozzávalókat külön tálkákban kínáld, hogy a gyermek maga állíthassa össze.;Növényi vas, fehérje, autonómia és változatos családi étkezés.;lencse;lencse;glutén;paradicsom, avokádó, kukorica;nincs;nincs;"Puha, könnyen rágható elemek; a tortilla puha legyen.";"A kukoricaszemek legyenek puhák; kisebb vagy bizonytalan rágású gyermeknél törd meg őket.";A család ugyanazt eszi, csípős szósz és só külön kerül az asztalra.;igen;igen;"vegán; vasfókusz; autonómia; családi étel";"WHO_PLANT_REVIEW;SATTER_DOR;FAMILY_MEALS_META";"https://cdn.who.int/media/docs/default-source/nutrition-and-food-safety/complementary-feeding/cf-guidelines/systematic-review-fruits-and-vegetables-and-nuts-pulses-and-seeds.pdf?sfvrsn=39939e59_3;https://www.ellynsatterinstitute.org/how-to-feed/the-division-of-responsibility-in-feeding/;https://pubmed.ncbi.nlm.nih.gov/29369410/"
R049;Sütőtökös-sajtos tészta;4–6 év;48;ebéd/vacsora;családi étel;vegetáriánus;10;25;300 g sütőtök | 180 g tészta | 80 g reszelt sajt | 100 ml tej | szerecsendió opcionálisan;A sütőtököt süsd puhára, tejjel turmixold szósszá, majd kevés sajttal és puha tésztával keverd össze.;Zöldség, tejtermék és gyermekbarát családi szósz hozzáadott cukor nélkül.;tészta, sütőtök;sajt, tej;"tej; glutén";sütőtök;nincs;nincs;"Krémes, szaftos; a tészta ne legyen kemény.";A sajt sótartalma miatt ne sózd külön. Forrón ne tálald.;A felnőtt adaghoz bors, chili, zsálya és több sajt kerülhet külön.;igen;igen;"zöldség; családi étel; komfortétel";"WHO_UNHEALTHY_REVIEW;FAMILY_MEALS_META;ROSE_BROCCOLI";"https://cdn.who.int/media/docs/default-source/nutrition-and-food-safety/complementary-feeding/cf-guidelines/systematic-review-unhealthy-foods-and-beverages.pdf?sfvrsn=d4c4f02d_3;https://pubmed.ncbi.nlm.nih.gov/29369410/;https://dinanarose.com/its-not-about-the-broccoli/"
R050;Gyümölcsös joghurtpohár puha zabos réteggel;4–6 év;48;reggeli/uzsonna;családi étel;vegetáriánus;10;8;natúr joghurt | puha bogyós gyümölcs vagy őszibarack | finom zabpehely | banán | őrölt mag opcionálisan;A zabot röviden főzd vagy áztasd puhára. A gyermek rétegezze a joghurttal és gyümölccsel.;Tejtermék, gyümölcs, gabona és önálló ételkészítés.;zab, magőrlemény opcionálisan;joghurt;"tej; glutén; dióféle opcionálisan";választott gyümölcs;nincs;nincs;A zab legyen puha, a gyümölcs kis és jól rágható darabokban.;Egész diófélét ne adj. Szőlőt csak hosszában negyedelve, kemény gyümölcsöt puhítva kínálj.;Közös reggeli, mindenki saját poharat állíthat össze.;nem;nem;"közös készítés; reggeli; gyümölcs";"WHO_RF_REVIEW;CDC_CHOKING;FAMILY_MEALS_META";"https://cdn.who.int/media/docs/default-source/nutrition-and-food-safety/complementary-feeding/cf-guidelines/systematic-review-responsive-feeding.pdf?sfvrsn=2a46329d_3;https://www.cdc.gov/infant-toddler-nutrition/foods-and-drinks/choking-hazards.html;https://pubmed.ncbi.nlm.nih.gov/29369410/"
