id,age,domain,title,place,prep_time,materials,intro,adult_role,easier,harder,montessori,source_ids
A071,0–3 hó,Kapcsolódás/nyelv,Gondozás közbeni lassú beszélgetés,benti,0 perc,nincs,"Pelenkázás, öltözés, fürdés közben rövid, valós mondatokkal narráld, amit csinálsz.","Várj a baba reakcióira: tekintet, hang, mozdulat. Nem kikérdezés, hanem oda-vissza ritmus.",csak hang és mosoly,"rövid dal, ismétlődő rutinmondatok","responsive parenting, jelentésteli kontextus",S12; S13
A072,0–3 hó,Nagymozgás,Éber hason fekvés nagyon rövid szakaszokban,benti,1 perc,"szőnyeg, vékony takaró","Naponta több rövid próbálkozás, az arcod vagy játék legyen előtte.","A cél nem teljesítmény, hanem kényelmes ismerkedés a testhelyzettel; fáradásnál vedd fel.",mellkason hason fekvés,"szőnyegen 1-2 perc, később több rövid etap","mozgás-kogníció, testtapasztalat",S9; S19
A073,0–3 hó,Szenzoros/figyelem,Kontrasztos kép vagy arc követése,benti,1 perc,kontrasztos kártya vagy szülő arca,"Tartsd 20-30 cm-re, lassan mozgasd oldalra, röviden.","Figyeld, mikor elég; a túl sok inger helyett kevés, ismétlődő inger.",csak arc,lassú oldalirányú követés,"rend, kevés inger, érdeklődés",S11; S12
A074,0–3 hó,Zene/ritmus,Rövid ringatós dal ugyanazzal a dallammal,benti,0 perc,nincs,"Válassz 1-2 egyszerű altató vagy gondozási dalt, ismételd rendszeresen.",A kiszámíthatóság és ritmus a biztonságot és közös figyelmet segíti.,halkan dúdolás,ritmusos taps a saját kezeddel/lábaddal,"rend, ismétlés, kapcsolat",S12; S11
A075,0–3 hó,Szenzoros/nyelv,"Érintés megnevezéssel: kéz, láb, has",benti,0 perc,nincs,"Öltözés közben lassan nevezd meg a testrészeket, finom érintéssel.","Nem kell tanítani; ismétlődő, nyugodt kapcsolat és szókincs-expozíció.",csak 2 testrész,dalba kötve több testrész,"jelentésteli kontextus, felnőtt stílus",S7; S12
A076,3–6 hó,Nagymozgás,Hason játék könyöktámaszban érdekes tárggyal,benti,2 perc,"puha szőnyeg, 1 játék","Tedd elé az érdekes tárgyat, ne túl messzire; legyen rövid és sikeres.","Ne tolmácsold túl: figyeld, mit próbál, és csak annyit segíts, hogy folytatni tudja.",mellkason hason,játék kissé oldalra,"mozgás-kogníció, érdeklődés",S9; S19
A077,3–6 hó,Finommotorika,Nyúlás és elérés egy tárgyért,benti,1 perc,könnyű csörgő/kendő,"Tartsd úgy, hogy lássa és megpróbáljon érte nyúlni.",Hagyd próbálkozni; ne add rögtön kézbe.,közelebb tartod,kicsit oldalra vagy magasabbra tartod,"önálló próbálkozás, mozgás",S13; S18
A078,3–6 hó,Szenzoros,Textúrakendők felfedezése,benti,2 perc,különböző tiszta textíliák,"Adj 2-3 biztonságos textúrát: puha, érdesebb, selymes.","A szájba vétel életkori sajátosság lehet, ezért csak biztonságos, tiszta tárgyat adj.",egy kendő,két textúra összehasonlítása,"szenzoros tapasztalat, választás",S1; S12
A079,3–6 hó,Nyelv/kapcsolat,Hangváltós beszélgetés: baba hangjára válasz,benti/kinti,0 perc,nincs,"Ha hangot ad, válaszolj hasonló ritmusban, majd várj.","A lényeg a turn-taking: te jössz, én jövök.",mosollyal válasz,hangmagasság/játékos ismétlés,"társas tanulás, felnőtt stílus",S12; S13
A080,3–6 hó,Könyv/figyelem,Egyképes könyv vagy képkártya rövid nézegetése,benti,0 perc,1-2 egyszerű kép,"Csak 1-2 képet nézzetek, rövid megnevezéssel.","Ne lapozz túl gyorsan; azt nézd, mire figyel.",csak egy kép,ugyanaz a tárgy valóságban is,"közös figyelem, érdeklődés",S7; S8
A081,6–9 hó,Tárgyállandóság,Kukucs kendővel,benti,0 perc,kendő,"Takard el az arcod vagy játékot, majd mutasd elő újra.","Legyen lassú és előrejelezhető; hagyd, hogy ő is próbálja.",arc takarása,játék elrejtése részben,"ismétlés, érdeklődés",S2; S12
A082,6–9 hó,Finommotorika,Tárgy átadása egyik kézből a másikba,benti,1 perc,könnyű játék,"Adj egy könnyű tárgyat, figyeld, hogyan forgatja és adja át.",Ne vedd ki a kezéből; hagyd felfedezni.,nagyobb tárgy,"kétféle tárgy, egyik kemény másik puha",kézi manipuláció,S18; S1
A083,6–9 hó,Nagymozgás,Kúszás-mászás hívogatása biztonságos térben,benti,5 perc,"szőnyeg, 1 motiváló tárgy","A kedvelt tárgyat tedd kicsit távolabb, de elérhető sikerélménnyel.","Ne húzd a testét; a környezetet rendezd úgy, hogy legyen oka mozdulni.",közelebb a tárgy,alacsony párna kerülőként,"prepared environment, mozgás",S9; S19
A084,6–9 hó,Pakolás,Tárgyak ki-be pakolása kosárból,benti,2 perc,"kosár, 3-5 nagy tárgy","Mutasd a ki-be mozdulatot, aztán hagyd ismételni.",Az ismétlés itt maga a tanulás.,2 tárgy,különböző méretű tárgyak,"rend, ismétlés, manipuláció",S1; S13
A085,6–9 hó,Nyelv,Hol van? rámutatós játék családi képekkel,benti,3 perc,2-3 családi fotó,"Mutass képre: hol van anya/apa? Ha nézi, nevezd meg.",Ne várj teljesítményt; a közös figyelem fontos.,egy kép,két kép közül választás,"közös figyelem, érdeklődés",S7; S12
A086,9–12 hó,Finommotorika,Nagyobb falatok/adagok csippentése biztonságosan,benti,5 perc,biztonságos ételdarabok,"Étkezésnél hagyd, hogy önállóan próbáljon felvenni megfelelő méretű falatot.",A biztonság és felügyelet elsődleges; nem fejlesztési feladatként tálald.,nagyobb darab,"kisebb, de biztonságos darab","practical life, önállóság",S18; S12
A087,9–12 hó,Tárgyállandóság,Dobozba rejtett tárgy keresése,benti,2 perc,"doboz, kedvelt játék","Láthatóan tedd be a játékot, majd kérdezd: hol van?","Várj, mielőtt segítesz; részleges fedéssel kezdd.",félig takarva,"teljesen dobozban, két doboz közül","problémamegoldás, önellenőrzés",S2; S13
A088,9–12 hó,Nagymozgás,Felállás-leülés biztonságos bútor mellett,benti,0 perc,stabil bútor,"Biztosíts stabil környezetet, ne siettesd a járást.","A cél a saját erőből végzett próbálkozás, nem a kézen húzva járatás.",alacsonyabb támasz,oldalazás motiváló tárggyal,"mozgás, autonómia",S9; S19
A089,9–12 hó,Nyelv/utasítás,Add ide / tedd bele egyszerű kérések,benti/kinti,0 perc,mindennapi tárgyak,Valós helyzetben kérj egy egyszerű dolgot: add ide a labdát.,"Gesztussal segíts, ne ismételd túl sokszor.",mutatással együtt,kétlépéses: add ide és tedd bele,"jelentésteli kontextus, scaffolding",S12; S13
A090,9–12 hó,Matematika előkészítő,"Egy bele, még egy bele",benti,2 perc,"tál, 2-3 nagy tárgy","Pakolás közben mondd: egy, még egy, kész/elfogyott.",Nem számoltatás; mennyiségszavak cselekvéshez kötése.,csak 'még' és 'kész',2-3 tárgy következetesen,konkrét manipuláció,S3; S12
A091,12–18 hó,Gyakorlati élet,Cipők párosítása nagyon eltérő párokkal,benti,3 perc,2-3 pár cipő,"Tegyél ki két nagyon eltérő párt, mutasd: ez az egyik, hol a párja?","Ha csak pakolja, az is rendben; a párosítás később épül.",egy pár,hasonlóbb cipők,"rend, párosítás, practical life",S1; S3
A092,12–18 hó,Finommotorika,Nagy formák bedobása formanyíláson,benti,3 perc,formaillesztő vagy saját doboz,Kezdd egy formával és egy nyílással.,A hiba természetes; a forma legyen önellenőrző.,egy forma,2-3 forma,"önellenőrzés, téri gondolkodás",S6; S18
A093,12–18 hó,Gyakorlati élet,Teregetésnél ruhadarab adogatása,benti,0 perc,mosott ruhák,"Adj valódi szerepet: add ide a zoknit, tedd a kosárba.","A részvétel fontosabb, mint a gyorsaság.",csak adogatás,zokni/póló válogatás,valós tevékenység,S1; S12
A094,12–18 hó,Nyelv/könyv,Kedvenc tárgy megkeresése képeskönyvben,benti,0 perc,képeskönyv,"Kérdezd: hol a kutya? Ha mutat vagy néz, nevezd meg és bővítsd.","Több kommentár, kevesebb tesztelés.",te mutatsz,ő választ könyvet/tárgyat,"közös figyelem, érdeklődés",S7; S8
A095,12–18 hó,Nagymozgás,Puha alagút vagy szék alatt átmászás,benti,5 perc,"szék, takaró vagy alagút","Mutasd az útvonalat, aztán hagyd ismételni.","Biztonságos tér, kevés instrukció.",nyitott útvonal,alatt-fölött-körül kombináció,"mozgás-kogníció, téri szókincs",S6; S9
A096,12–18 hó,Matematika,Nagy-kicsi tárgyak páros megnevezése,benti/kinti,0 perc,mindennapi tárgyak,"Valós helyzetben mondd: nagy labda, kicsi labda.",Ne kérdezz túl sokat; a fogalmak cselekvés közben jelenjenek meg.,2 tárgy,sorba rendezés 3 mérettel,jelentésteli kontextus,S3; S6
A097,12–18 hó,Szenzoros/practical life,Vízzel való törölgetés tálcán,benti/kinti,5 perc,"tálca, kis szivacs/rongy, kevés víz","Mutasd: márt, kinyom, töröl.","A víz mennyiségét korlátozd, de engedd a felfedezést.",száraz törlés,kevés vízzel célfelület,"practical life, rend",S1; S13
A098,12–18 hó,Zene/EF,Egyszerű utánzó mozdulatok dalban,benti/kinti,0 perc,nincs,"Egy rövid dalban ismétlődő mozdulat: taps, integetés, dobbantás.","Várd meg, csatlakozik-e; ne erőltesd.",egy mozdulat,2-3 mozdulat sorrendben,"ismétlés, társas tanulás",S10; S12
A099,12–18 hó,Kinti/szenzoros,"Vödörbe gyűjtés: levelek, tobozok, botok",kinti,0 perc,vödör,Kint legyen cél: ebbe gyűjtjük a leveleket.,"A természetes érdeklődést használd, ne vidd túl strukturáltra.",csak gyűjtés,két kategória: levél/bot,"érdeklődés, jelentésteli kontextus",S3; S6
A100,12–18 hó,Társas,Labda gurítása sorban: én-te,benti/kinti,1 perc,puha labda,"Gurítsd oda, várj, mondd: te jössz.","A várakozás és turn-taking a fontos, nem a pontos gurítás.",nagyon közel,"messzebb, célba gurítás","társas tanulás, EF",S9; S10
A001,17–24 hó,Környezet/rend,Heti rotációs polc 6–8 tevékenységgel,benti,15 perc/hét,"nyitott polc, tálcák/kosarak","Tegyél ki kevés, jól látható tevékenységet; a többit tedd el.","Mutasd be röviden, majd hagyd, hogy ő válasszon.",4–5 elem,"8 elem, finomabb különbségek","rend, választás, prepared environment",S1; S11
A002,17–24 hó,Finommotorika,Kupakbedobás dobozba különböző nyílásokon,benti,5 perc,"nagy kupakok, doboz, kivágott nyílás","Lassan mutasd meg: kupak be, majd doboz megrázása.",Ne javítsd túl; csak biztonság és bemutatás.,egy nagy nyílás,2-3 méretű nyílás,"mozgás-kogníció, önellenőrzés",S2; S18
A003,17–24 hó,Gyakorlati élet,Pakolás egyik kosárból a másikba,benti,2 perc,"2 kosár, 6-8 nagy tárgy",Mutasd: egy tárgy átkerül a másik kosárba.,Adj időt az ismétlésre.,3 tárgy,különböző méretű tárgyak,"practical life, ismétlés",S1; S10
A004,17–24 hó,Gyakorlati élet,Kanalazás nagy tésztával vagy pomponnal,benti,5 perc,"2 tál, nagy kanál, nagy tészta/pompon","Mutasd balról jobbra: merítés, átvitel, lerakás.",A rendetlenség része a tanulásnak.,kézzel pakolás,"kisebb kanál, több darab","practical life, rend",S1; S18
A005,17–24 hó,Gyakorlati élet,Száraz öntés kis kancsóból tálba,benti,5 perc,"kis kancsó, rizs/tészta, tálca","Mutasd lassan, kevés anyaggal; maradjon tálcán.","Segíts takarítani, ne vedd el azonnal.",kevesebb anyag,"kisebb edény, célpohár","practical life, önellenőrzés",S1; S2; S10
A006,17–24 hó,Gyakorlati élet,Asztal törölgetése kis ronggyal,benti,1 perc,"kis rongy, kevés víz/spray","Mutasd: spriccel, töröl, rongy a helyére.","Kapjon valódi feladatot, ne csak játékverziót.",száraz törlés,kis felület előkészítése,jelentésteli kontextus,S1; S12
A007,17–24 hó,Gyakorlati élet/matematika,Mosógépbe pakolás és zoknipárosítás nagyon eltérő párokkal,benti,5 perc,3 eltérő pár zokni,Először csak addogatás; később 'ugyanolyan' párok keresése.,"Ne kikérdezés legyen, hanem együtt pakolás.",2 pár,hasonlóbb színek/minták,"valós tevékenység, rend",S1; S3; S13
A008,17–24 hó,Nyelv,Állatfigura és állatkép párosítása,benti,5 perc,"3-5 állatfigura, hozzá képek","Tedd le a képeket, mutasd: kutya a kutyához.",Kísérd hangutánzással és egyszerű szóval.,2 állat,"5-6 állat, hasonlóbb kategória",szenzoros-konkrét tanulás,S7; S8; S13
A009,17–24 hó,Nyelv,Hangutánzás állatokkal vagy járművekkel,benti/kinti,0 perc,állatok/járművek,"Ő válasszon tárgyat, te nevezd meg és hanggal kísérd.","Várj 3-5 mp-et, ne töltsd ki rögtön a csendet.",kevesebb elem,kétlépéses játék: állat megy aludni,"érdeklődés, felnőtt stílus",S7; S8
A010,17–24 hó,Téri gondolkodás,Toronyépítés 6-8 nagy kockából,benti,2 perc,nagy kockák,"Építs egy rövid tornyot, majd hagyd folytatni/ledönteni.","Narráld: magas, leesett, még egy.",3 kocka,eltérő méretű kockák,mozgás-kogníció,S6; S2
A011,17–24 hó,Nagymozgás,Párnás mini akadálypálya,benti,5 perc,"párnák, matrac, alacsony akadály","Mutasd: át, fel, le, körbe; ő válasszon utat.","Biztonságot adj, ne javítsd mozdulatról mozdulatra.",1-2 elem,"alacsony alagút, puha lépcső",mozgás-kogníció,S1; S9
A012,17–24 hó,Nagymozgás,Labda gurítás célba vagy egymásnak,benti/kinti,1 perc,"puha labda, doboz/kosár","Üljetek szemben, gurítsd, várd vissza.","A várakozást is modellezd: most te, most én.",nagy labda,"kisebb cél, messzebb",társas tanulás,S9; S10
A013,17–24 hó,Nyelv/könyv,"Könyvnézegetés kevés szöveggel, sok rámutatással",benti,0 perc,3 kedvelt képeskönyv,"Rövid mondatok: 'kutya fut'; várj, mire mutat.",Kérdés helyett kommentálj többet.,csak képek megnevezése,mi történik? egyszerű bővítés,"érdeklődés, felnőtt stílus",S7; S8
A014,17–24 hó,Kinti/szenzoros,"Botok, levelek, kavicsok gyűjtése és válogatása",kinti,0 perc,"természetes tárgyak, vödör","Keressetek 2 féle tárgyat: levelek ide, kavicsok oda.","Figyelj biztonságra, szájba vételre.",csak gyűjtés,méret/szín szerinti válogatás,jelentésteli kontextus,S3; S6
A015,17–24 hó,Kinti/nagymozgás,"Lépcsőzés kézfogással, le/fel narrálással",kinti/benti,0 perc,lépcső,"Lassan: fel, le, megáll; ne siessetek.","Csak biztonsági segítség, ne húzd fel.",1-2 fok,"korlát mellett, több fok",mozgás-kogníció,S1; S9
A016,2–3 év,Gyakorlati élet,Banánvágás tompa késsel,benti,5 perc,"banán, tompa kés, vágódeszka","Mutasd: hámozás, vágás, tálba rakás.",Valódi konyhai helyzetként kezeld.,előre meghámozott banán,puha eper/sajt vágása,practical life,S1; S12; S13
A017,2–3 év,Gyakorlati élet,Gyümölcsmosás és tálalás,benti,5 perc,"tál, víz, gyümölcs","Ő mossa, te csak előkészíted a biztonságot.","Narráld: tiszta, nedves, száraz.",nagy darabok,"kisebb adagolás, törlés",jelentésteli kontextus,S1; S12
A018,2–3 év,Rutin/EF,Kézmosási rutin képes sorrenddel,benti,10 perc egyszer,3-4 képes kártya,Kép: víz-szappan-öblítés-törlés; mutasd sorban.,Később mutass a képre verbális utasítás helyett.,2 lépés,4-5 lépés,"rend, önállóság",S10; S11; S13
A019,2–3 év,Finommotorika,Csipeszelés zoknikkal vagy pomponnal,benti,5 perc,"nagy csipesz, kosár, zokni/pompon",Mutasd lassan a csipesz nyitását-zárását.,"Ne erőltesd, ha frusztrálja.","nagy csipesz, nagy tárgy","kisebb tárgy, színválogatás",mozgás-kogníció,S18; S10
A020,2–3 év,Finommotorika,Nagy gyöngy fűzése zsinórra,benti,5 perc,"nagy gyöngy, merev zsinór","Mutass 2 gyöngyöt, aztán ő folytassa.",Kezdj nagyon nagy lyukkal.,3 gyöngy,színminta AB,"rend, ismétlés",S18; S6
A021,2–3 év,Matematika,Szín szerinti válogatás két-három színnel,benti,3 perc,színes kupak/kocka,Nem kikérdezés: 'a pirosak ide jönnek'.,"Ha hibázik, modellezd, ne teszteld.",2 szín,"3-4 szín, hasonló árnyalat",szenzoros diszkrimináció,S1; S2; S3
A022,2–3 év,Memória/EF,Mi hiányzik? 3 tárggyal,benti,2 perc,3 ismert tárgy,"Nevezd meg, takard le, vegyél el egyet.","Legyen játékos, ne vizsga.",2 tárgy,4-5 tárgy,érdeklődés,S10; S11
A023,2–3 év,Nyelv/kategória,Állatok élőhely szerinti párosítása egyszerűen,benti,5 perc,"állatfigurák, képek: víz/erdő/ház","Beszélj: hal vízben, kutya háznál.",Hagyd őt is kategóriát kitalálni.,2 élőhely,3 élőhely,jelentésteli kontextus,S7; S8
A024,2–3 év,Zene/EF,Ritmustapsolás utánzás,benti/kinti,0 perc,nincs,"Tapsolj 2-3 ütést; várd, hogy ismételje.","Röviden, örömmel, mozgással.",1-2 ütés,lassú-gyors váltás,mozgás és figyelem,S2; S10
A025,2–3 év,EF/nagymozgás,Stop-go játék,benti/kinti,0 perc,nincs,"Futás/séta, majd 'stop'; utána 'mehet'.",Legyen sok siker és ne túl hosszú.,csak stop,szín/jel alapján váltás,mozgás-kogníció,S9; S10; S11
A026,2–3 év,Nagymozgás/tér,"Akadálypálya irányokkal: át, alatt, körül",benti/kinti,5 perc,"párna, szék, alagút",Használj kevés térbeli szót mozgás közben.,A testével tapasztalja meg a relációkat.,2 elem,útvonal memorizálása,mozgás-kogníció,S6; S9
A027,2–3 év,Téri/finom,Kirakó 2–6 darabbal,benti,1 perc,fa puzzle/képes puzzle,"Kezdd 2 darabbal, mutasd a sarkokat/éleket.","Segíts gesztussal, ne teljes megoldással.",2 darab,6-10 darab,önellenőrzés,S6; S13
A028,2–3 év,Matematika,"Tészta/kanál játék: tele-üres, sok-kevés",benti,5 perc,"tál, kanál, tészta/rizs","A szavakat a cselekvéshez kösd: tele, üres.","Nem számoltatás, hanem mennyiségélmény.",nagy kanál,"kisebb kanál, célpohár",jelentésteli kontextus,S3; S4
A029,2–3 év,Szerepjáték,Főzős szerepjáték valós tárgyakkal,benti,5 perc,"kis edények, kanál, valódi zöldségdarabok","Kapjon valós mozdulatot: keverés, tálalás.",A mintha-játékot ne tiltsd; kapjon valós alapot.,csak keverés,"vendégnek tálalás, sorrend","érdeklődés, practical life",S17; S7
A030,2–3 év,Kinti/matematika,Kincskeresés: hozz egy nagy levelet/kis követ,kinti,0 perc,természet,"A matematikai fogalmak kint, valós helyzetben jelenjenek meg.",Kövesd az érdeklődését.,csak gyűjtés,nagyobb-kisebb sorba rakás,jelentésteli kontextus,S3; S6
A031,3–4 év,Korai matematika,1–5 mennyiség kirakása tárgyakkal,benti,5 perc,"kavics/kocka, számkártya 1-5","Rakjatok ki 1, 2, 3 tárgyat; számhoz csak tárgy után nyúlj.",A szám mögött mindig legyen mennyiség.,1-3,1-10,konkrét manipuláció,S3; S4
A032,3–4 év,Korai matematika,Lineáris számtársas 1–10,benti,10 perc,"saját rajzolt pálya, bábu, dobókocka 1-3",Mindig egyesével lépjetek a lineáris pályán.,"Ne körpályával kezdjétek, ha a cél számvonal.",1-5 pálya,1-20 pálya,guided play,S5; S2
A033,3–4 év,Téri gondolkodás,Formavadászat a lakásban,benti/kinti,0 perc,nincs,Keressetek kör/szögletes/hosszú tárgyakat.,"Ne kártyáról tanulja, hanem valós tárgyakon.",2 forma,"több forma, hasonló tárgyak",jelentésteli kontextus,S6
A034,3–4 év,Mintázat,AB minta folytatása kockákkal,benti,3 perc,2 színű kockák,Kezdd: piros-kék-piros-kék; kérdezd: mi jön?,"Ha nem megy, folytasd te hangosan.",ABAB,AAB/ABC,"rend, minta",S3; S10
A035,3–4 év,Téri/projekt,Építés minta alapján 4-6 elemből,benti,5 perc,"duplo/kocka, fotó/minta","Építs előre kis mintát, ő próbálja másolni.",Segíts a nézőponttal és sorrenddel.,3 elem,"6-10 elem, 2D kép alapján",mozgás-kogníció,S6; S13
A036,3–4 év,Nyelv/tér,Alá-fölé-mellé játék plüssállattal,benti,2 perc,"plüss, doboz/szék","A maci a széken, a szék alatt, a dobozban.",Mozgással kombinálva hatékonyabb.,2 reláció,gyerek ad utasítást,mozgás-kogníció,S2; S6
A037,3–4 év,Finommotorika,Ollóhasználat csíkokon,benti,5 perc,"gyerekolló, papírcsík","Csak rövid vágásokat kérj, nem szép formát.",Bal kéz papírt stabilizál.,papírtépés,vonal mentén vágás,"ismétlés, önellenőrzés",S18
A038,3–4 év,Finommotorika/szenzoros,"Gyurma sodrás, csippentés, golyózás",benti,2 perc,gyurma,"Mutass 3 alapmozdulatot: sodor, lapít, csippent.",Nem kész produktum a cél.,szabad gyurma,alakzat/forma kirakása,mozgás-kogníció,S18
A039,3–4 év,Nyelv/narratíva,Képsorrend 3 képpel: eleje-közepe-vége,benti,5 perc,3 képből álló történet,"Rakjátok sorba, mondd: először, aztán, végül.","Fogadd el saját verzióját, aztán modellezz.",2 kép,4-5 kép,"rend, jelentésteli kontextus",S7; S8
A040,3–4 év,Nagymozgás,Dobás kosárba változó távolságból,benti/kinti,2 perc,"puha labda, kosár","Kezdj közelről, siker után lépj hátrébb.","A célzás játék, nem teljesítményteszt.",közeli kosár,különböző labdák/célok,mozgás-kogníció,S9
A041,3–4 év,Memória/EF,Memóriajáték 4–6 párral,benti,2 perc,memória kártyák,"Kezdd kevés párral, hangosan nevezd meg a képeket.","Rövid körök, ne túl hosszú.",3 pár,8-10 pár,társas tanulás,S10; S11
A042,3–4 év,Természettudomány,Süllyed-lebeg egyszerű kísérlet,benti/kinti,10 perc,"víz, tál, tárgyak","Előbb tippeljetek, aztán próbáljátok ki.",A 'tévedés' tanulási adat.,3 tárgy,anyag szerinti csoportosítás,jelentésteli kontextus,S2
A043,3–4 év,Gyakorlati élet/természet,"Növény gondozása: locsolás, napfény, megfigyelés",benti/kinti,5 perc/nap,"növény, kis locsoló","Legyen saját növény, kis napi felelősség.",Kérdezz: mit látsz ma?,csak locsolás,rajzos megfigyelési napló,valós tevékenység,S1; S12
A044,3–4 év,Társas/EF,Egyszerű társas: dobok-lépek-várok,benti,10 perc,egyszerű társas,"Modellezd: most te, most én; örüljetek a körnek.",Ne a győzelem legyen hangsúlyos.,rövid játék,több szabály,társas tanulás,S10; S2
A045,4–5 év,Korai matematika,1–20 lépegetős társas lineáris pályán,benti,10 perc,"rajzolt pálya, bábu, kártya/dobókocka","Lépésenként számoljatok, a számok egyenletesen nőjenek.","A lineáris forma fontosabb, mint a dizájn.",1-10,"visszalépés, +2/-1",guided play,S5; S2
A046,4–5 év,Matematika/mérés,Mérés vízzel vagy kanállal: hány kanál tölti meg?,benti/kinti,10 perc,"poharak, kanál, víz/rizs","Tippeljetek, mérjetek, hasonlítsatok.",A mérés legyen játékos és valós.,egyforma pohár,különböző poharak,jelentésteli kontextus,S3; S4
A047,4–5 év,Gyakorlati élet/EF,Recept követése 3 lépésben,benti,15 perc,egyszerű recept képekkel,"Képek alapján: mos, vág, kever.","Engedd, hogy ő pipálja a lépéseket.",2 lépés,"5 lépés, mennyiségek mérése",valós tevékenység,S10; S13
A048,4–5 év,Téri gondolkodás,Kincskereső egyszerű térképpel,benti/kinti,10 perc,"rajzolt térkép, kis tárgy","Rajzolj szobatérképet, jelöld X-szel a kincset.",A térkép a valós térhez kapcsolódjon.,egy szoba,több állomás,jelentésteli kontextus,S6
A049,4–5 év,Nyelv/literacy,Rímkeresés játékosan,benti/kinti,0 perc,nincs/képek,"Mondj egy szót, keressetek vicces rímet.","Ne javíts túl, a hangjáték a lényeg.",kész rímpárok,ő talál ki rímet,érdeklődés,S8; S7
A050,4–5 év,Nyelv/literacy,Szótagtapsolás nevekkel és tárgyakkal,benti/kinti,0 perc,nincs,"Fló-ra, ku-tya, ba-nán; tapsoljátok.",Testmozgással kösd össze.,2 szótag,3-4 szótag,mozgás-kogníció,S7; S10
A051,4–5 év,Nyelv/literacy,Kezdőhang-vadászat: mi kezdődik m hanggal?,benti/kinti,0 perc,tárgyak/képek,"Ne betűként, hanem hangként: mmm-maci.",Csak ha élvezi; ne legyen kikérdezés.,2 tárgy,"több hang, kategóriák",érdeklődés,S8
A052,4–5 év,Matematika,ABC vagy AAB mintasor folytatása,benti,5 perc,kockák/gyöngyök,Mutasd ki a szabályt hangosan: piros-piros-kék.,Kérdezd: hogyan folytatnád?,AB minta,saját minta tervezése,"rend, önellenőrzés",S3; S10
A053,4–5 év,Matematika/adat,Saját grafikon: melyik gyümölcsből mennyit vettünk?,benti,10 perc,"gyümölcsök, papír, matricák",Minden darabhoz egy jel; hasonlítsátok össze.,"Valós adat legyen, nem feladatlap.",2 kategória,4 kategória,jelentésteli kontextus,S3; S4
A054,4–5 év,Téri/projekt,Építési projekt: híd két könyv között,benti,10 perc,"kockák, könyvek, kis autó",Cél: menjen át az autó; próbáljátok javítani.,Kérdezz: mit változtatnál?,rövid távolság,"nagyobb távolság, terhelés",guided discovery,S6; S2
A055,4–5 év,Téri/figyelem,Puzzle 24–48 darabbal stratégia szerint,benti,10-20 perc,puzzle,"Mutasd: sarok, szél, színek csoportosítása.","Segíts stratégia kérdéssel, ne kész megoldással.",12-24 darab,48+ darab,önellenőrzés,S6; S13
A056,4–5 év,Természettudomány,Olvad-fagy kísérlet,benti,10 perc + várakozás,"jég, tál, meleg víz/hűtő",Tippeljetek: hol olvad gyorsabban?,Várakozás és megfigyelés is része.,csak jég olvadás,"időmérés, rajzos napló",jelentésteli kontextus,S2
A057,4–5 év,Matematika/szerep,Boltos játék 1–5 árakkal,benti,10 perc,"tárgyak, árkártya, korongok",A mennyiség legyen tárgyi: 3 korong = alma.,"Ne igazi pénztanítás legyen, hanem megfeleltetés.",1-3 ár,visszajáró nélkül 1-10,jelentésteli kontextus,S3; S17
A058,4–5 év,EF/nagymozgás,"Simon says / 'csak akkor csináld, ha...'",benti/kinti,0 perc,nincs,"Adj szabályt: csak akkor ugorj, ha azt mondom 'Simon'.",Legyen vicces és rövid.,egyszerű stop-go,2 szabály egyszerre,mozgás-kogníció,S10; S11
A059,5–6 év,Nyelv/projekt,Saját kis könyv készítése rajzzal,benti,20 perc,"papír, tűzőgép, ceruza",Rajzoljon 3-5 oldalt; ő diktálhatja a szöveget.,"Ne javítsd a betűket, ha nem ez a cél.",3 oldal,"eleje-közepe-vége, cím","érdeklődés, jelentés",S7; S8
A060,5–6 év,EF/rutin,Naptár és heti terv képekkel,benti,10 perc/hét,"naptár, matricák/képek","Jelöljétek a fix pontokat: ovi, torna, kirándulás.",Ne legyen túl részletes.,mai nap,"heti terv, visszatekintés","rend, önállóság",S10; S11
A061,5–6 év,Matematika,Egyszerű összeadás-kivonás tárgyakkal,benti/kinti,5-10 perc,kockák/kavicsok,"Történetbe ágyazva: 3 alma volt, 1-et megettünk.","Mindig tárgyból indulj, nem feladatlapból.",1-5,"1-10/20, saját történet",konkrét manipuláció,S3; S4
A062,5–6 év,Matematika/nagymozgás,Számvonalos ugrálás 0–20,benti/kinti,10 perc,kréta/szalag számvonal,"Ugorj 0-ról 5-re, aztán +2; testtel tapasztalja.",Visszafelé csak később.,0-10,"+/- lépések, becslés",mozgás-kogníció,S5; S9
A063,5–6 év,Matematika/mérés,Mérőszalaggal tárgyak összehasonlítása,benti,10 perc,"mérőszalag, tárgyak",Keressetek hosszabb/rövidebb tárgyakat; mérjetek.,A mérőszám csak utána jöjjön.,csak összehasonlítás,"cm leolvasás, becslés",jelentésteli kontextus,S3; S6
A064,5–6 év,Téri gondolkodás,Térképrajzolás a lakásról/parkból,benti/kinti,20 perc,"papír, ceruza","Rajzoljátok be: ajtó, asztal, kedvenc hely.",Tér és rajz összekötése a cél.,egy szoba,"útvonal, jelmagyarázat",jelentésteli kontextus,S6
A065,5–6 év,Finommotorika,Varráskártya vagy egyszerű szövés,benti,15 perc,"varráskártya, fonal",Mutasd a lyukról lyukra haladást.,"A folyamat a cél, nem a tökéletes produktum.",nagy lyukak,minta követése,"ismétlés, koncentráció",S18; S10
A066,5–6 év,Társas/EF,"Bonyolultabb társasjáték, 2-3 szabállyal",benti,15-30 perc,társasjáték,"Először egyszerűsített szabállyal, aztán bővítsétek.",A veszítés tanulását is kísérd.,rövidített játék,teljes szabályrendszer,társas tanulás,S10; S2
A067,5–6 év,Projekt/STEM,Városépítés kockából és szerepjátékból,benti,30 perc,"kockák, autók, figurák","Előbb terv: hol legyen út, ház, bolt? Utána építés.","Hagyd, hogy a terv változzon.",csak építés,térkép + boltos játék + szabályok,"érdeklődés, jelentés",S6; S10; S17
A068,5–6 év,Gyakorlati élet/társas,Közös főzés: feladatmegosztás,benti,30 perc,egyszerű recept,"Ő mér, kever, tálal; te biztonságot tartasz.",Valós felelősséget kapjon.,1 feladat,"több részfeladat, időzítés","practical life, társas tanulás",S1; S12; S13
A069,5–6 év,Nyelv/narratíva,Meseszövés: eleje-közepe-vége kártyákkal,benti,10 perc,képkártyák,"Válasszon 3 képet, meséljen hozzá történetet.",Te modellálod a kötőszavakat.,2 kép,probléma-megoldás struktúra,jelentésteli kontextus,S7; S8
A070,5–6 év,Figyelem/szenzoros,Mit hallasz? hangvadászat kint vagy otthon,benti/kinti,0 perc,nincs,"Csukjátok be a szemeteket 20 mp-re, soroljátok a hangokat.","Ne verseny legyen, hanem megfigyelés.",2 hang,hangok sorrendje/irány,"figyelem, rend",S10; S11
A101,0–3 hó,Személyiség/szocioemocionális,Serve-and-return arcjáték,benti,0 perc,nincs,"Nézz rá, várd meg a jelzést, majd válaszolj hanggal, mimikával, rövid mondattal.","Ne szórakoztasd folyamatosan: hagyj kis szünetet, hogy ő is „válaszolhasson”.",csak mosoly és hang,rövid ritmusos szótagismétlés,"ko-reguláció, kapcsolat, jelentésteli kontextus",S12; S21; S22
A102,3–6 hó,Személyiség/szocioemocionális,Két tárgy közötti választás,benti,1 perc,két jól megfogható tárgy,"Tarts elé két tárgyat, várd meg, melyik felé néz vagy nyúl.","A választás még nagyon egyszerű legyen; a cél a hatásérzés, nem a döntési teljesítmény.",csak egy tárgy követése,két nagyon különböző tárgy,"választás, autonómia, érdeklődés",S1; S12; S26
A103,6–9 hó,Személyiség/szocioemocionális,Biztonságos visszatérés játék,benti/kinti,0 perc,szőnyeg vagy takaró,"Engedd röviden távolodni, majd amikor visszanéz, mosollyal és hanggal jelezd, hogy elérhető vagy.",A felfedezéshez nem kell folyton irányítani; elég biztonságos bázisként jelen lenni.,ölből nézelődés,kúszva/mászva távolodás majd visszatérés,"kötődés, felfedezés, biztonságos bázis",S22; S23; S12
A104,9–12 hó,Személyiség/szocioemocionális,Mit lehet helyette?,benti,0 perc,mindennapi tárgyak,"Amikor valamit nem lehet, rövid tiltás után mutass alternatívát: „ezt nem, ezt igen”.","A tiltás mellé adj cselekvési útvonalat, így a szabály tanulhatóbb lesz.",fizikai elterelés,két alternatíva közül választhat,"keretek, felnőtt scaffolding",S13; S21; S22
A105,12–18 hó,Személyiség/szocioemocionális,Érzelemnévadás valós helyzetben,benti/kinti,0 perc,nincs,"Röviden nevezd meg: „dühös vagy, mert elvettem”, „megijedtél a hangtól”.","Ne magyarázd túl; előbb szabályozás, utána tanítás.",csak megnyugtatás,érzelem + ok egyszerűen,"ko-reguláció, mental state talk",S21; S22; S27
A106,12–18 hó,Személyiség/szocioemocionális,Mini segítő szerep,benti,1 perc,"rongy, zokni, kanál, csipesz","Adj valódi részfeladatot: zoknit kosárba tenni, ronggyal törölni, kanalat adni.","Ne javítsd túl; a kompetenciaérzés fontosabb, mint a tökéletes kivitelezés.",egy tárgy átvitele,kétlépéses feladat,"practical life, kompetencia, autonómia",S1; S12; S26
A107,18–24 hó,Személyiség/szocioemocionális,Két elfogadható választás,benti/kinti,0 perc,nincs,"Olyan döntéseket adj, ahol mindkét opció jó: „piros vagy kék pohár?”, „előbb cipő vagy kabát?”.","Ne kérdezz olyat, ahol valójában nincs választási lehetőség.",egy döntés naponta,több rutindöntésben is,"választás, kontrollérzés, autonómia",S26; S31; S1
A108,18–24 hó,Személyiség/szocioemocionális,Rövid várakozási játék,benti,0 perc,nincs,"Mondd: „várunk három tapsot”, majd tapsolj lassan hármat, utána jöhet a kívánt dolog.","A cél mikro-várakozás, nem fegyelmezés.",egy taps,3-5 taps vagy rövid dal,"gátlás, figyelem, ritmus",S11; S21; S10
A109,2–3 év,Személyiség/szocioemocionális,Érzelmek tükörben,benti,2 perc,tükör vagy érzelemképek,"Mutassatok arcokat: vidám, mérges, szomorú, ijedt. Kapcsoljátok hétköznapi helyzethez.","Nem kikérdezni kell, hanem szókincset adni a belső állapotokhoz.",csak két érzelem,érzelem + ok + megoldás,"érzelemértés, mental state talk",S21; S24; S27
A110,2–3 év,Személyiség/szocioemocionális,Te jössz – én jövök kör,benti,1 perc,"labda, autó vagy toronyépítő elem","Egyszer ő gurít/tesz, egyszer te. Mondd röviden: „te jössz, én jövök”.","A váltás még nehéz; legyen gyors, kiszámítható és sikeres.",2 kör,5-6 kör vagy testvér/barát bevonása,"kortárs/proszociális alapok, szabály",S25; S24; S11
A111,3–4 év,Személyiség/szocioemocionális,Mit szeretne a baba/maci?,benti,2 perc,baba vagy plüss,"Játsszatok rövid helyzetet: „a maci fél”, „a baba éhes”. Kérdezd: „mit tehetnénk?”.","A cél másik nézőpont és érzelem gyakorlása, nem erkölcsi prédikáció.",te mondod a megoldást,ő választ két megoldásból,"theory of mind, empátia, szerepjáték",S27; S24; S25
A112,3–4 év,Személyiség/szocioemocionális,Nagyon rövid szabályos társasjáték,benti,3 perc,dobókocka vagy színes korongok,Válasszatok 3-5 perces játékot egy egyszerű szabállyal.,"A veszítés kezelése még tanulás; rövid játék, gyors újrakezdés.",kooperatív szabály,két szabály vagy hosszabb menet,"szabálytartás, EF, társas rugalmasság",S10; S11; S24
A113,4–5 év,Személyiség/szocioemocionális,Családi döntési kártya,benti,5 perc,papírlap vagy kártya,"Egy kisebb kérdésben kérd ki a véleményét: „melyik könyvet olvassuk?”, „melyik útvonalon menjünk?”.","Legyen valódi, de korlátozott döntés.",két opció,három opció és indoklás,"autonómia, kontrollérzés, felelősség",S26; S31
A114,4–5 év,Személyiség/szocioemocionális,Jóvátétel gyakorlása,benti/kinti,2 perc,nincs,"Ha konfliktus volt, kérdezd: „mit tehetnénk, hogy jobb legyen?”. Lehet rajz, ölelés, visszaadás, javítás.","A cél nem megszégyenítés, hanem kapcsolatjavítás és felelősség.",te ajánlasz két jóvátételt,ő talál ki megoldást,"proszociális viselkedés, érzelemszabályozás",S25; S21; S24
A115,5–6 év,Személyiség/szocioemocionális,Saját projekt mini-tervvel,benti/kinti,5 perc,"papír, ceruza, választott eszközök","Rajzoljatok tervet: mit szeretne építeni/készíteni, mi kell hozzá, mi az első lépés.","A projekt legyen az övé; te a struktúrát adod, nem a megoldást.",egy lépéses terv,három lépés + visszanézés,"kompetencia, autonómia, EF",S10; S11; S26
A116,5–6 év,Személyiség/szocioemocionális,Mi történt? Mit lehet tenni?,benti,3 perc,nincs,"Konfliktus vagy nehézség után három kérdés: mi történt, ki mit érzett, mit próbálunk legközelebb?","Nem kihallgatás; rövid, nyugodt, megoldásorientált beszélgetés.",egy kérdés,három kérdés és terv,"érzelemértés, problémamegoldás, felelősség",S21; S24; S27; S25
